timestamp	template	score	renders	interactive	data	ux	issues	cycle	mode
2026-03-27T10:00:00	dashboard_nav	100	100	100	100	100	0	1	loop
2026-03-27T10:05:00	pages_tab	100	100	100	100	100	0	2	loop
2026-03-27T10:10:00	editor_home	95	100	95	95	90	0	3	loop
2026-03-27T10:15:00	editor_sections	95	100	95	95	90	0	4	loop
2026-03-27T10:20:00	section_picker	95	100	95	95	90	0	4	loop
2026-03-27T10:25:00	ai_chat	90	95	85	90	90	0	5	loop
2026-03-27T10:30:00	seo_panel	95	100	95	95	90	0	6	loop
2026-03-27T10:35:00	editor_viewport	95	100	95	95	90	0	7	loop
2026-03-27T10:40:00	editor_dnd	95	100	100	100	85	0	8	loop
