id,Type,Source,Amount,Fee,Destination Platform Fee,Destination Platform Fee Currency,Net,Currency,Created (UTC),Available On (UTC),Description,Customer Facing Amount,Customer Facing Currency,Transfer,Transfer Date (UTC),Transfer Group,submission_id (metadata),wp_plugin (metadata),transaction_id (metadata),form_id (metadata),id-itravel (metadata),form_title (metadata),customer_name (metadata),customer_email (metadata),payment_type (metadata),order_id (metadata),site_url (metadata),order_key (metadata)
txn_1TTNANJjSRvjRTjHdPOupxkq,payout,po_1TTNANJjSRvjRTjHoFuhnLrV,-5093.57,0.00,,,-5093.57,usd,2026-05-04 14:08,2026-05-04 14:08,"",,,,,,,,,,,,,,,,,
txn_1TSSEnJjSRvjRTjH26SvBcop,stripe_fee,,-7.09,0.54,,,-7.63,usd,2026-05-02 01:20,2026-05-02 01:20,Revenue recognition (2026-04-30): Standalone charges,,,,,,,,,,,,,,,,,
txn_1TSA8CJjSRvjRTjHag5wm3IJ,stripe_fee,,-0.04,0.00,,,-0.04,usd,2026-05-01 06:00,2026-05-01 06:00,Radar (2026-04-30): Radar for Fraud Teams,,,,,,,,,,,,,,,,,
txn_1TS5ftJjSRvjRTjHYsvxILbi,stripe_fee,,-3.71,0.28,,,-3.99,usd,2026-05-01 01:15,2026-05-01 01:15,Revenue recognition (2026-04-29): Standalone charges,,,,,,,,,,,,,,,,,
txn_3TRxt0JjSRvjRTjH0ZodIdm0,charge,ch_3TRxt0JjSRvjRTjH07gc6MXx,2024.27,109.61,,,1914.66,usd,2026-04-30 16:56,2026-05-04 00:00,,1726.00,eur,,,,,,,,,,,,,,,
txn_3TRxcGJjSRvjRTjH1KPe3vym,charge,ch_3TRxcGJjSRvjRTjH1qaEQ0QE,1518.79,82.32,,,1436.47,usd,2026-04-30 16:39,2026-05-04 00:00,,1295.00,eur,,,,,,,,,,,,,,,
txn_1TRuXRJjSRvjRTjHTzAwIQpn,payout,po_1TRuXRJjSRvjRTjHB4vFQlws,-3964.10,0.00,,,-3964.10,usd,2026-04-30 13:21,2026-04-30 13:21,"",,,,,,,,,,,,,,,,,
txn_1TRmS4JjSRvjRTjHbzG2LEKd,stripe_fee,,-0.06,0.00,,,-0.06,usd,2026-04-30 04:43,2026-04-30 04:43,Radar (2026-04-29): Radar for Fraud Teams,,,,,,,,,,,,,,,,,
txn_1TRjfWJjSRvjRTjHdKOfS2c5,stripe_fee,,-8.40,0.64,,,-9.04,usd,2026-04-30 01:45,2026-04-30 01:45,Revenue recognition (2026-04-28): Standalone charges,,,,,,,,,,,,,,,,,
txn_3TReXDJjSRvjRTjH0BeEvQYa,charge,ch_3TReXDJjSRvjRTjH0bAJIGPh,1854.55,100.45,,,1754.10,usd,2026-04-29 20:16,2026-05-01 00:00,,32516.00,mxn,,,,,,,,,,,,,,,
txn_1TRQ8EJjSRvjRTjHu69d3roC,stripe_fee,,-0.32,0.02,,,-0.34,usd,2026-04-29 04:53,2026-04-29 04:53,Radar (2026-04-28): Radar for Fraud Teams,,,,,,,,,,,,,,,,,
txn_3TRFnjJjSRvjRTjH0z2iMWRU,charge,ch_3TRFnjJjSRvjRTjH0OJXjXdo,460.89,25.19,,,435.70,usd,2026-04-28 17:52,2026-04-30 00:00,,1667531.00,cop,,,,,,,,,,,,,,,
txn_3TR3tsJjSRvjRTjH0RkpO7IS,charge,ch_3TR3tsJjSRvjRTjH0XbdwCCt,1871.21,101.34,,,1769.87,usd,2026-04-28 05:12,2026-04-30 00:00,,32516.00,mxn,,,,,,,,,,,,,,,
txn_3TR2BJJjSRvjRTjH116Pi6jA,charge,ch_3TR2BJJjSRvjRTjH1pfY3ma2,1869.20,101.23,,,1767.97,usd,2026-04-28 03:19,2026-04-30 00:00,,32516.00,mxn,,,,,,,,,,,,,,,
txn_1TPMunJjSRvjRTjH77p4Bp2y,payout,po_1TPMumJjSRvjRTjH9hd6v0RP,-12066.49,0.00,,,-12066.49,usd,2026-04-23 13:03,2026-04-23 13:03,"",,,,,,,,,,,,,,,,,
txn_1TPBL8JjSRvjRTjHFPWUHVcB,stripe_fee,,-23.88,1.82,,,-25.70,usd,2026-04-23 00:41,2026-04-23 00:41,Revenue recognition (2026-04-21): Standalone charges,,,,,,,,,,,,,,,,,
txn_1TOtJNJjSRvjRTjHIVOqPEQs,stripe_fee,,-0.04,0.00,,,-0.04,usd,2026-04-22 05:26,2026-04-22 05:26,Radar (2026-04-21): Radar for Fraud Teams,,,,,,,,,,,,,,,,,
txn_1TOou7JjSRvjRTjH6ETU7LvQ,stripe_fee,,-1.40,0.11,,,-1.51,usd,2026-04-22 00:44,2026-04-22 00:44,Revenue recognition (2026-04-20): Standalone charges,,,,,,,,,,,,,,,,,
txn_1TOgZVJjSRvjRTjHVgwHn4nF,payout,po_1TOgZUJjSRvjRTjHJGUlSaPL,-166.02,0.00,,,-166.02,usd,2026-04-21 15:50,2026-04-21 15:50,"",,,,,,,,,,,,,,,,,
txn_3TOg32JjSRvjRTjH1WZlkeHb,charge,ch_3TOg32JjSRvjRTjH1TAhC8nH,11940.00,525.66,,,11414.34,usd,2026-04-21 15:17,2026-04-23 00:00,,11940.00,usd,,,,,,,,,,,,,,,
txn_1TOWCYJjSRvjRTjH760zcA4r,stripe_fee,,-0.02,0.00,,,-0.02,usd,2026-04-21 04:46,2026-04-21 04:46,Radar (2026-04-20): Radar for Fraud Teams,,,,,,,,,,,,,,,,,
txn_3TOMwOJjSRvjRTjH1mFTP1sr,charge,ch_3TOMwOJjSRvjRTjH1P33QKLr,700.00,20.60,,,679.40,usd,2026-04-20 18:53,2026-04-22 00:00,,700.00,usd,,,,,,,,,,,,,,,
txn_1TOIbFJjSRvjRTjHujEr2Gtv,payout,po_1TOIbFJjSRvjRTjHoopNi4Qq,-2320.56,0.00,,,-2320.56,usd,2026-04-20 14:14,2026-04-20 14:14,"",,,,,,,,,,,,,,,,,
txn_1TNj0WJjSRvjRTjHA6Pd1973,stripe_fee,,-0.35,0.03,,,-0.38,usd,2026-04-19 00:14,2026-04-19 00:14,Revenue recognition (2026-04-17): Standalone charges,,,,,,,,,,,,,,,,,
txn_1TNQm2JjSRvjRTjHInzsDq3H,stripe_fee,,-0.02,0.00,,,-0.02,usd,2026-04-18 04:46,2026-04-18 04:46,Radar (2026-04-17): Radar for Fraud Teams,,,,,,,,,,,,,,,,,
txn_1TNMV4JjSRvjRTjH2cCnvC0A,stripe_fee,,-3.72,0.28,,,-4.00,usd,2026-04-18 00:12,2026-04-18 00:12,Revenue recognition (2026-04-16): Standalone charges,,,,,,,,,,,,,,,,,
txn_3TNJ3QJjSRvjRTjH1pD6Y1A0,charge,ch_3TNJ3QJjSRvjRTjH1CgrxT0r,174.00,7.96,,,166.04,usd,2026-04-17 20:31,2026-04-21 00:00,,174.00,usd,,,,,,,,,,,,,,,
txn_1TN4NKJjSRvjRTjHDyngsBTw,stripe_fee,,-0.02,0.00,,,-0.02,usd,2026-04-17 04:51,2026-04-17 04:51,Radar (2026-04-16): Radar for Fraud Teams,,,,,,,,,,,,,,,,,
txn_3TMefyJjSRvjRTjH1c16F3MC,charge,ch_3TMefyJjSRvjRTjH1R32pfgA,1861.00,82.18,,,1778.82,usd,2026-04-16 01:25,2026-04-20 00:00,,1861.00,usd,,,,,,,,,,,,,,,
txn_1TMeQgJjSRvjRTjHG0GnFBDK,stripe_fee,,-1.16,0.09,,,-1.25,usd,2026-04-16 01:09,2026-04-16 01:09,Revenue recognition (2026-04-14): Standalone charges,,,,,,,,,,,,,,,,,
txn_1TML1iJjSRvjRTjHYfgLqXuL,stripe_fee,,-0.02,0.00,,,-0.02,usd,2026-04-15 04:26,2026-04-15 04:26,Radar (2026-04-14): Radar for Fraud Teams,,,,,,,,,,,,,,,,,
txn_3TMBfLJjSRvjRTjH1zm4jICu,charge,ch_3TMBfLJjSRvjRTjH1M6vkkUl,579.00,31.57,,,547.43,usd,2026-04-14 18:26,2026-04-16 00:00,,10000.00,mxn,,,,,,,,,,,,,,,
txn_1TLo7VJjSRvjRTjHd5VrXKOL,payout,po_1TLo7VJjSRvjRTjH19zYaBm5,-2571.44,0.00,,,-2571.44,usd,2026-04-13 17:17,2026-04-13 17:17,"",,,,,,,,,,,,,,,,,
txn_1TKuMoJjSRvjRTjHbt4tNoln,stripe_fee,,0.02,0.00,,,0.02,usd,2026-04-11 05:46,2026-04-11 05:46,Radar (2026-04-08): adjustment to Radar for Fraud Teams,,,,,,,,,,,,,,,,,
txn_1TKrxJJjSRvjRTjHteUoNGbc,stripe_fee,,-5.28,0.40,,,-5.68,usd,2026-04-11 03:11,2026-04-11 03:11,Revenue recognition (2026-04-08): Standalone charges,,,,,,,,,,,,,,,,,
txn_1TKrO9JjSRvjRTjHqGx81MzW,stripe_fee,,-0.06,0.00,,,-0.06,usd,2026-04-11 02:35,2026-04-11 02:35,Radar (2026-04-08): Radar for Fraud Teams,,,,,,,,,,,,,,,,,
txn_1TKrO8JjSRvjRTjHnG1d7YvN,stripe_fee,,-0.02,0.00,,,-0.02,usd,2026-04-11 02:35,2026-04-11 02:35,Radar (2026-04-09): Radar for Fraud Teams,,,,,,,,,,,,,,,,,
txn_1TKpr5JjSRvjRTjHiRGWgvdZ,stripe_fee,,-0.17,0.01,,,-0.18,usd,2026-04-11 00:56,2026-04-11 00:56,Revenue recognition (2026-04-09): Standalone charges,,,,,,,,,,,,,,,,,
txn_3TK9RsJjSRvjRTjH03nN2Ujr,charge,ch_3TK9RsJjSRvjRTjH0NeeCHB1,84.00,4.00,,,80.00,usd,2026-04-09 03:40,2026-04-13 00:00,,84.00,usd,,,,,,,,,,,,,,,
txn_3TJzPBJjSRvjRTjH0OudrWEF,charge,ch_3TJzPBJjSRvjRTjH0wBhzWyX,57.20,3.39,,,53.81,usd,2026-04-08 16:56,2026-04-10 00:00,,996.00,mxn,,,,,,,,,,,,,,,
txn_3TJmOSJjSRvjRTjH1mTtztpr,charge,ch_3TJmOSJjSRvjRTjH1txwsgK2,2583.35,139.80,,,2443.55,usd,2026-04-08 03:03,2026-04-10 00:00,,45300.00,mxn,,,,,,,,,,,,,,,
txn_1TItcCJjSRvjRTjHOa8UmJDV,payout,po_1TItcCJjSRvjRTjHEacdAskD,-2891.47,0.00,,,-2891.47,usd,2026-04-05 16:33,2026-04-05 16:33,"",,,,,,,,,,,,,,,,,
txn_1THYtMJjSRvjRTjHJrqdg6SA,stripe_fee,,-0.66,0.05,,,-0.71,usd,2026-04-02 00:13,2026-04-02 00:13,Revenue recognition (2026-03-31): Standalone charges,,,,,,,,,,,,,,,,,
txn_1THHfMJjSRvjRTjH1cf3NJ5h,stripe_fee,,-0.02,0.00,,,-0.02,usd,2026-04-01 05:50,2026-04-01 05:50,Radar (2026-03-31): Radar for Fraud Teams,,,,,,,,,,,,,,,,,
txn_1THDPyJjSRvjRTjHciHgtwY0,stripe_fee,,-0.86,0.07,,,-0.93,usd,2026-04-01 01:18,2026-04-01 01:18,Revenue recognition (2026-03-30): Standalone charges,,,,,,,,,,,,,,,,,
txn_3TH5BQJjSRvjRTjH03A64oDu,charge,ch_3TH5BQJjSRvjRTjH0ElQMZ1e,331.31,18.19,,,313.12,usd,2026-03-31 16:30,2026-04-02 00:00,,5976.00,mxn,,,,,,,,,,,,,,,
txn_1TH2OTJjSRvjRTjHHd6WULo3,payout,po_1TH2OSJjSRvjRTjH2WaGxNDW,-1641.59,0.00,,,-1641.59,usd,2026-03-31 13:31,2026-03-31 13:31,"",,,,,,,,,,,,,,,,,
txn_1TGuDJJjSRvjRTjHeEaGDDNi,stripe_fee,,-0.04,0.00,,,-0.04,usd,2026-03-31 04:47,2026-03-31 04:47,Radar (2026-03-30): Radar for Fraud Teams,,,,,,,,,,,,,,,,,
txn_1TGq1zJjSRvjRTjH20Eq6BCW,stripe_fee,,-4.60,0.35,,,-4.95,usd,2026-03-31 00:19,2026-03-31 00:19,Revenue recognition (2026-03-29): Standalone charges,,,,,,,,,,,,,,,,,
txn_3TGcZOJjSRvjRTjH0aVG1fSL,charge,ch_3TGcZOJjSRvjRTjH03H5naU7,429.88,23.51,,,406.37,usd,2026-03-30 09:57,2026-04-01 00:00,,1580000.00,cop,,,,,,,,,,,,,,,
txn_1TGXQ0JjSRvjRTjHCbE1I22A,stripe_fee,,-0.02,0.00,,,-0.02,usd,2026-03-30 04:27,2026-03-30 04:27,Radar (2026-03-29): Radar for Fraud Teams,,,,,,,,,,,,,,,,,
txn_3TGM9oJjSRvjRTjH08aOkumh,charge,ch_3TGM9oJjSRvjRTjH0MfxpNev,2298.03,124.39,,,2173.64,usd,2026-03-29 16:25,2026-04-01 00:00,,1996.00,eur,,,,,,,,,,,,,,,
txn_1TFkaHJjSRvjRTjHF3Gaksel,stripe_fee,,-3.49,0.27,,,-3.76,usd,2026-03-28 00:18,2026-03-28 00:18,Revenue recognition (2026-03-26): Standalone charges,,,,,,,,,,,,,,,,,
txn_1TFSZEJjSRvjRTjHg4bSId6N,stripe_fee,,-0.02,0.00,,,-0.02,usd,2026-03-27 05:04,2026-03-27 05:04,Radar (2026-03-26): Radar for Fraud Teams,,,,,,,,,,,,,,,,,
txn_3TFJMZJjSRvjRTjH07lCbj4K,charge,ch_3TFJMZJjSRvjRTjH06gW0zm5,1744.91,94.53,,,1650.38,usd,2026-03-26 19:14,2026-03-30 00:00,,31147.00,mxn,,,,,,,,,,,,,,,
txn_1TEs8jJjSRvjRTjHDytk9Z7Y,payout,po_1TEs8jJjSRvjRTjHHLc6M6fe,-2489.36,0.00,,,-2489.36,usd,2026-03-25 14:10,2026-03-25 14:10,"",,,,,,,,,,,,,,,,,
txn_1TDwHxJjSRvjRTjHpQeeTJsy,stripe_fee,,-0.48,0.04,,,-0.52,usd,2026-03-23 00:24,2026-03-23 00:24,Revenue recognition (2026-03-21): Standalone charges,,,,,,,,,,,,,,,,,
txn_1TDdWSJjSRvjRTjHGdEtZxJw,stripe_fee,,-0.02,0.00,,,-0.02,usd,2026-03-22 04:21,2026-03-22 04:21,Radar (2026-03-21): Radar for Fraud Teams,,,,,,,,,,,,,,,,,
txn_1TDZe6JjSRvjRTjH8S0f8Dr2,stripe_fee,,-0.69,0.05,,,-0.74,usd,2026-03-22 00:13,2026-03-22 00:13,Revenue recognition (2026-03-20): Standalone charges,,,,,,,,,,,,,,,,,
txn_3TDRRCJjSRvjRTjH0s5bYCj2,charge,ch_3TDRRCJjSRvjRTjH0VTluIIz,238.62,13.19,,,225.43,usd,2026-03-21 15:27,2026-03-25 00:00,,4271.00,mxn,,,,,,,,,,,,,,,
txn_1TDH6kJjSRvjRTjHoXXoRLl7,stripe_fee,,-0.02,0.00,,,-0.02,usd,2026-03-21 04:25,2026-03-21 04:25,Radar (2026-03-20): Radar for Fraud Teams,,,,,,,,,,,,,,,,,
txn_1TDDUKJjSRvjRTjHJNEMtamg,stripe_fee,,-4.07,0.31,,,-4.38,usd,2026-03-21 00:33,2026-03-21 00:33,Revenue recognition (2026-03-19): Standalone charges,,,,,,,,,,,,,,,,,
txn_1TD5lAJjSRvjRTjHFXUPn0ef,payout,po_1TD5lAJjSRvjRTjH5EF67gLJ,-1540.42,0.00,,,-1540.42,usd,2026-03-20 16:18,2026-03-20 16:18,"",,,,,,,,,,,,,,,,,
txn_3TD5dJJjSRvjRTjH1545nR9d,charge,ch_3TD5dJJjSRvjRTjH19JlhlPP,347.72,19.08,,,328.64,usd,2026-03-20 16:10,2026-03-24 00:00,,6222.54,mxn,,,,,,,,,,,,,,,
txn_1TCuafJjSRvjRTjHifWD7PMr,stripe_fee,,-0.18,0.01,,,-0.19,usd,2026-03-20 04:23,2026-03-20 04:23,Radar (2026-03-19): Radar for Fraud Teams,,,,,,,,,,,,,,,,,
txn_1TCqlmJjSRvjRTjHz9J6xpTd,stripe_fee,,-3.27,0.25,,,-3.52,usd,2026-03-20 00:18,2026-03-20 00:18,Revenue recognition (2026-03-18): Standalone charges,,,,,,,,,,,,,,,,,
txn_3TClYFJjSRvjRTjH17c4DtSc,charge,ch_3TClYFJjSRvjRTjH1ehzFBLe,700.00,20.60,,,679.40,usd,2026-03-19 18:44,2026-03-23 00:00,,700.00,usd,,,,,,,,,,,,,,,
txn_3TCixcJjSRvjRTjH1LkUgKi3,charge,ch_3TCixcJjSRvjRTjH1c6EGQKi,1333.90,72.33,,,1261.57,usd,2026-03-19 16:00,2026-03-23 00:00,,23814.00,mxn,,,,,,,,,,,,,,,
txn_1TCYWXJjSRvjRTjH0Cfu5zcu,stripe_fee,,-0.02,0.00,,,-0.02,usd,2026-03-19 04:49,2026-03-19 04:49,Radar (2026-03-18): Radar for Fraud Teams,,,,,,,,,,,,,,,,,
txn_3TCOMWJjSRvjRTjH1dY04Ifn,charge,ch_3TCOMWJjSRvjRTjH1QeXHlWr,1632.61,88.46,,,1544.15,usd,2026-03-18 17:58,2026-03-20 00:00,,28875.00,mxn,,,,,,,,,,,,,,,
txn_1TBeDAJjSRvjRTjHxisJ6FsR,payout,po_1TBeDAJjSRvjRTjH96AyEwHy,-12165.80,0.00,,,-12165.80,usd,2026-03-16 16:41,2026-03-16 16:41,"",,,,,,,,,,,,,,,,,
txn_1TAJWIJjSRvjRTjHZviis355,stripe_fee,,-5.60,0.43,,,-6.03,usd,2026-03-13 00:24,2026-03-13 00:24,Revenue recognition (2026-03-11): Standalone charges,,,,,,,,,,,,,,,,,
txn_1TA1QRJjSRvjRTjHWOH3MQ9J,stripe_fee,,-0.06,0.00,,,-0.06,usd,2026-03-12 05:04,2026-03-12 05:04,Radar (2026-03-11): Radar for Fraud Teams,,,,,,,,,,,,,,,,,
txn_3T9qUCJjSRvjRTjH09JyWeEd,charge,ch_3T9qUCJjSRvjRTjH0WQ5ld8X,680.12,37.03,,,643.09,usd,2026-03-11 17:23,2026-03-13 00:00,,12000.00,mxn,,,,,,,,,,,,,,,
txn_3T9eRhJjSRvjRTjH0fsEsWe4,charge,ch_3T9eRhJjSRvjRTjH0FxcQwlw,2119.84,93.57,,,2026.27,usd,2026-03-11 04:32,2026-03-13 00:00,,2119.84,usd,,,,,,,,,,,,,,,
txn_1T9aTYJjSRvjRTjHpyQOOW5s,stripe_fee,,-3.74,0.29,,,-4.03,usd,2026-03-11 00:18,2026-03-11 00:18,Revenue recognition (2026-03-09): Standalone charges,,,,,,,,,,,,,,,,,
txn_1T9IIGJjSRvjRTjHQKGiz7ig,stripe_fee,,-0.02,0.00,,,-0.02,usd,2026-03-10 04:53,2026-03-10 04:53,Radar (2026-03-09): Radar for Fraud Teams,,,,,,,,,,,,,,,,,
txn_1T9DtgJjSRvjRTjHKVRnE91i,stripe_fee,,-11.00,0.84,,,-11.84,usd,2026-03-10 00:11,2026-03-10 00:11,Revenue recognition (2026-03-08): Standalone charges,,,,,,,,,,,,,,,,,
txn_3T972zJjSRvjRTjH0F1BOnmN,charge,ch_3T972zJjSRvjRTjH0Icn7aCh,1872.23,101.40,,,1770.83,usd,2026-03-09 16:52,2026-03-11 00:00,,33262.00,mxn,,,,,,,,,,,,,,,
txn_1T96bmJjSRvjRTjHiNwkkjq4,payout,po_1T96bmJjSRvjRTjHmlz7IoeL,-447.08,0.00,,,-447.08,usd,2026-03-09 16:24,2026-03-09 16:24,"",,,,,,,,,,,,,,,,,
txn_1T8vcfJjSRvjRTjHVBFnXrtP,stripe_fee,,-0.02,0.00,,,-0.02,usd,2026-03-09 04:40,2026-03-09 04:40,Radar (2026-03-08): Radar for Fraud Teams,,,,,,,,,,,,,,,,,
txn_1T8rpuJjSRvjRTjHMBK6r9AN,stripe_fee,,-5.09,0.39,,,-5.48,usd,2026-03-09 00:38,2026-03-09 00:38,Revenue recognition (2026-03-07): Standalone charges,,,,,,,,,,,,,,,,,
txn_1T8Z28JjSRvjRTjHv2qFHIOu,stripe_fee,,-0.02,0.00,,,-0.02,usd,2026-03-08 04:33,2026-03-08 04:33,Radar (2026-03-07): Radar for Fraud Teams,,,,,,,,,,,,,,,,,
txn_3T8WpcJjSRvjRTjH026s4KOn,charge,ch_3T8WpcJjSRvjRTjH08T0OW0T,5500.00,159.80,,,5340.20,usd,2026-03-08 02:12,2026-03-11 00:00,,5500.00,usd,,,,,,,,,,,,,,,
txn_3T8NVVJjSRvjRTjH0MKgkmC4,charge,ch_3T8NVVJjSRvjRTjH0wqs7saM,2545.13,137.74,,,2407.39,usd,2026-03-07 16:15,2026-03-11 00:00,,45300.00,mxn,,,,,,,,,,,,,,,
txn_1T88fGJjSRvjRTjHt0UNH85s,stripe_fee,,-0.68,0.05,,,-0.73,usd,2026-03-07 00:24,2026-03-07 00:24,Revenue recognition (2026-03-05): Standalone charges,,,,,,,,,,,,,,,,,
txn_1T7qN5JjSRvjRTjHQmZywjPz,stripe_fee,,-0.02,0.00,,,-0.02,usd,2026-03-06 04:52,2026-03-06 04:52,Radar (2026-03-05): Radar for Fraud Teams,,,,,,,,,,,,,,,,,
txn_1T7m2XJjSRvjRTjHip5JOhVn,stripe_fee,,-0.28,0.02,,,-0.30,usd,2026-03-06 00:14,2026-03-06 00:14,Revenue recognition (2026-03-04): Standalone charges,,,,,,,,,,,,,,,,,
txn_1T7eeQJjSRvjRTjHtufo91WR,payout,po_1T7eeQJjSRvjRTjHGLUrUr48,-5800.58,0.00,,,-5800.58,usd,2026-03-05 16:21,2026-03-05 16:21,"",,,,,,,,,,,,,,,,,
txn_3T7e7OJjSRvjRTjH0Lq9Z6VD,charge,ch_3T7e7OJjSRvjRTjH0Bjxwmx1,339.45,18.63,,,320.82,usd,2026-03-05 15:47,2026-03-09 00:00,,5976.00,mxn,,,,,,,,,,,,,,,
txn_1T7UFQJjSRvjRTjHobYzh4XZ,stripe_fee,,-0.02,0.00,,,-0.02,usd,2026-03-05 05:14,2026-03-05 05:14,Radar (2026-03-04): Radar for Fraud Teams,,,,,,,,,,,,,,,,,
txn_1T7PpsJjSRvjRTjHhhCchx17,stripe_fee,,-12.29,0.94,,,-13.23,usd,2026-03-05 00:32,2026-03-05 00:32,Revenue recognition (2026-03-03): Standalone charges,,,,,,,,,,,,,,,,,
txn_1T7K3iJjSRvjRTjHTpyYDTLr,payout,po_1T7K3iJjSRvjRTjHnAXH7HhT,-8789.49,0.00,,,-8789.49,usd,2026-03-04 18:22,2026-03-04 18:22,"",,,,,,,,,,,,,,,,,
txn_3T7J8EJjSRvjRTjH0F8v12SO,charge,ch_3T7J8EJjSRvjRTjH0mghTmy0,140.73,7.90,,,132.83,usd,2026-03-04 17:22,2026-03-06 00:00,,2469.22,mxn,,,,,,,,,,,,,,,
txn_1T77GrJjSRvjRTjHAQzbTxHj,stripe_fee,,-0.56,0.04,,,-0.60,usd,2026-03-04 04:42,2026-03-04 04:42,Radar (2026-03-03): Radar for Fraud Teams,,,,,,,,,,,,,,,,,
txn_1T73LeJjSRvjRTjH0wsxDiBB,stripe_fee,,-3.59,0.27,,,-3.86,usd,2026-03-04 00:31,2026-03-04 00:31,Revenue recognition (2026-03-02): Standalone charges,,,,,,,,,,,,,,,,,
txn_3T6ypLJjSRvjRTjH1S4RO1Uu,charge,ch_3T6ypLJjSRvjRTjH1OoxkseY,943.13,51.23,,,891.90,usd,2026-03-03 19:41,2026-03-05 00:00,,16631.00,mxn,,,,,,,,,,,,,,,
txn_3T6wwvJjSRvjRTjH1auKxYvi,charge,ch_3T6wwvJjSRvjRTjH1f5iEVXU,2471.68,133.77,,,2337.91,usd,2026-03-03 17:41,2026-03-05 00:00,,43600.00,mxn,,,,,,,,,,,,,,,
txn_1T6smZJjSRvjRTjHPgevmdfn,payout,po_1T6smZJjSRvjRTjHcQvi9oiq,-236.59,0.00,,,-236.59,usd,2026-03-03 13:14,2026-03-03 13:14,"",,,,,,,,,,,,,,,,,
txn_1T6klkJjSRvjRTjHyvmeWTSD,stripe_fee,,-0.24,0.02,,,-0.26,usd,2026-03-03 04:41,2026-03-03 04:41,Radar (2026-03-02): Radar for Fraud Teams,,,,,,,,,,,,,,,,,
txn_3T6jNNJjSRvjRTjH1181bR25,charge,ch_3T6jNNJjSRvjRTjH1vMwnkEm,1299.99,70.50,,,1229.49,usd,2026-03-03 03:12,2026-03-05 00:00,,22493.00,mxn,,,,,,,,,,,,,,,
txn_3T6jJ8JjSRvjRTjH0PnRkjzF,charge,ch_3T6jJ8JjSRvjRTjH0OeHhclo,1432.17,77.64,,,1354.53,usd,2026-03-03 03:07,2026-03-05 00:00,,24780.00,mxn,,,,,,,,,,,,,,,
txn_1T6gpBJjSRvjRTjHIJXN37sO,stripe_fee,,-6.04,0.46,,,-6.50,usd,2026-03-03 00:28,2026-03-03 00:28,Revenue recognition (2026-03-01): Standalone charges,,,,,,,,,,,,,,,,,
txn_3T6Z8vJjSRvjRTjH0BkNXvxe,charge,ch_3T6Z8vJjSRvjRTjH0HTknFaj,1797.17,97.35,,,1699.82,usd,2026-03-02 16:16,2026-03-04 00:00,,31232.27,mxn,,,,,,,,,,,,,,,
txn_1T6YXgJjSRvjRTjH1L0gHvJZ,payout,po_1T6YXgJjSRvjRTjHIrrNmVnU,-809.18,0.00,,,-809.18,usd,2026-03-02 15:37,2026-03-02 15:37,"",,,,,,,,,,,,,,,,,
txn_1T6Oc5JjSRvjRTjHa0nAmSKc,stripe_fee,,-0.06,0.00,,,-0.06,usd,2026-03-02 05:01,2026-03-02 05:01,Radar (2026-03-01): Radar for Fraud Teams,,,,,,,,,,,,,,,,,
txn_1T6K6nJjSRvjRTjHoN4G7jh3,stripe_fee,,-8.89,0.68,,,-9.57,usd,2026-03-02 00:13,2026-03-02 00:13,Revenue recognition (2026-02-28): Standalone charges,,,,,,,,,,,,,,,,,
txn_1T61w4JjSRvjRTjHuf0vrDXQ,stripe_fee,,-0.34,0.03,,,-0.37,usd,2026-03-01 04:48,2026-03-01 04:48,Radar (2026-02-28): Radar for Fraud Teams,,,,,,,,,,,,,,,,,
txn_3T61NMJjSRvjRTjH0VK1VjOD,charge,ch_3T61NMJjSRvjRTjH0gusDzVW,1860.00,82.14,,,1777.86,usd,2026-03-01 04:13,2026-03-04 00:00,,1860.00,usd,,,,,,,,,,,,,,,
txn_3T5yu5JjSRvjRTjH1gwV7QIO,charge,ch_3T5yu5JjSRvjRTjH1wnMPmWJ,1161.24,63.00,,,1098.24,usd,2026-03-01 01:34,2026-03-04 00:00,,20000.00,mxn,,,,,,,,,,,,,,,
txn_1T5xbJJjSRvjRTjHdgsXLCwS,stripe_fee,,-0.52,0.04,,,-0.56,usd,2026-03-01 00:11,2026-03-01 00:11,Revenue recognition (2026-02-27): Standalone charges,,,,,,,,,,,,,,,,,
txn_3T5uX6JjSRvjRTjH1VRwMuZ7,charge,ch_3T5uX6JjSRvjRTjH1EkKgbh7,1540.00,68.06,,,1471.94,usd,2026-02-28 20:54,2026-03-04 00:00,,1540.00,usd,,,,,,,,,,,,,,,
txn_1T5flUJjSRvjRTjH7iKaAsB5,stripe_fee,,-0.02,0.00,,,-0.02,usd,2026-02-28 05:08,2026-02-28 05:08,Radar (2026-02-27): Radar for Fraud Teams,,,,,,,,,,,,,,,,,
txn_3T5bVcJjSRvjRTjH1yvFyjRv,charge,ch_3T5bVcJjSRvjRTjH1sFeVIQ7,2903.16,157.07,,,2746.09,usd,2026-02-28 00:36,2026-03-04 00:00,,50000.00,mxn,,,,,,,,,,,,,,,
txn_1T5bRXJjSRvjRTjH20zA9h9P,stripe_fee,,-1.74,0.13,,,-1.87,usd,2026-02-28 00:31,2026-02-28 00:31,Revenue recognition (2026-02-26): Standalone charges,,,,,,,,,,,,,,,,,
txn_1T5QtRJjSRvjRTjHTgpGEL6R,payout,po_1T5QtRJjSRvjRTjHtjrkFAhi,-1362.06,0.00,,,-1362.06,usd,2026-02-27 13:15,2026-02-27 13:15,"",,,,,,,,,,,,,,,,,
txn_1T5ItoJjSRvjRTjHM70YcB7H,stripe_fee,,-0.02,0.00,,,-0.02,usd,2026-02-27 04:43,2026-02-27 04:43,Radar (2026-02-26): Radar for Fraud Teams,,,,,,,,,,,,,,,,,
txn_3T5HukJjSRvjRTjH0Ny69qH2,charge,ch_3T5HukJjSRvjRTjH0ZI8DfP0,257.56,14.21,,,243.35,usd,2026-02-27 03:40,2026-03-03 00:00,,4428.00,mxn,,,,,,,,,,,,,,,
txn_3T59QzJjSRvjRTjH01NxehVQ,charge,ch_3T59QzJjSRvjRTjH07cBHe3a,868.85,47.22,,,821.63,usd,2026-02-26 18:37,2026-03-02 00:00,,15000.00,mxn,,,,,,,,,,,,,,,
txn_1T4VsAJjSRvjRTjHBHcIwkrv,stripe_fee,,-2.89,0.22,,,-3.11,usd,2026-02-25 00:22,2026-02-25 00:22,Revenue recognition (2026-02-23): Standalone charges,,,,,,,,,,,,,,,,,
txn_1T4DZUJjSRvjRTjHH97mhH7e,stripe_fee,,-0.14,0.01,,,-0.15,usd,2026-02-24 04:50,2026-02-24 04:50,Radar (2026-02-23): Radar for Fraud Teams,,,,,,,,,,,,,,,,,
txn_3T4185JjSRvjRTjH0bSJ4vcr,charge,ch_3T4185JjSRvjRTjH07Sy5FvH,1443.60,78.26,,,1365.34,usd,2026-02-23 15:33,2026-02-25 00:00,,24780.00,mxn,,,,,,,,,,,,,,,
txn_1T2ZoBJjSRvjRTjHmAF0pVFs,payout,po_1T2ZoBJjSRvjRTjH9pLdn05s,-2586.88,0.00,,,-2586.88,usd,2026-02-19 16:10,2026-02-19 16:10,"",,,,,,,,,,,,,,,,,
txn_1T1yDrJjSRvjRTjHt29rtUYK,stripe_fee,,-2.60,0.20,,,-2.80,usd,2026-02-18 00:02,2026-02-18 00:02,Revenue recognition (2026-02-16): Standalone charges,,,,,,,,,,,,,,,,,
txn_1T1riRJjSRvjRTjHa2qf6MhA,payout,po_1T1riRJjSRvjRTjHpsGmRTgR,-909.35,0.00,,,-909.35,usd,2026-02-17 17:05,2026-02-17 17:05,"",,,,,,,,,,,,,,,,,
txn_1T1gq7JjSRvjRTjHsdqN4oJC,stripe_fee,,-0.04,0.00,,,-0.04,usd,2026-02-17 05:28,2026-02-17 05:28,Radar (2026-02-16): Radar for Fraud Teams,,,,,,,,,,,,,,,,,
txn_3T1Xw3JjSRvjRTjH1ndXICgJ,charge,ch_3T1Xw3JjSRvjRTjH1aNYrFMX,1301.14,70.56,,,1230.58,usd,2026-02-16 19:58,2026-02-19 00:00,,22329.00,mxn,,,,,,,,,,,,,,,
txn_1T1FPZJjSRvjRTjHNZSj5Czb,stripe_fee,,-2.80,0.21,,,-3.01,usd,2026-02-16 00:11,2026-02-16 00:11,Revenue recognition (2026-02-14): Standalone charges,,,,,,,,,,,,,,,,,
txn_1T0wt6JjSRvjRTjH6T2Il64I,stripe_fee,,-0.04,0.00,,,-0.04,usd,2026-02-15 04:24,2026-02-15 04:24,Radar (2026-02-14): Radar for Fraud Teams,,,,,,,,,,,,,,,,,
txn_3T0p0dJjSRvjRTjH0tC1ruwW,charge,ch_3T0p0dJjSRvjRTjH0jqJsHg5,1400.00,40.90,,,1359.10,usd,2026-02-14 20:00,2026-02-19 00:00,,1400.00,usd,,,,,,,,,,,,,,,
txn_1T0WeDJjSRvjRTjHHhfOvlbW,stripe_fee,,-1.93,0.15,,,-2.08,usd,2026-02-14 00:23,2026-02-14 00:23,Revenue recognition (2026-02-12): Standalone charges,,,,,,,,,,,,,,,,,
txn_1T0E61JjSRvjRTjH9BI7Oxhj,stripe_fee,,-0.02,0.00,,,-0.02,usd,2026-02-13 04:35,2026-02-13 04:35,Radar (2026-02-12): Radar for Fraud Teams,,,,,,,,,,,,,,,,,
txn_3SzoFnJjSRvjRTjH0TDGsNje,charge,ch_3SzoFnJjSRvjRTjH02U8KFOv,967.06,52.52,,,914.54,usd,2026-02-12 00:59,2026-02-17 00:00,,16631.00,mxn,,,,,,,,,,,,,,,
txn_1SzH1aJjSRvjRTjHZzuzFk1b,payout,po_1SzH1aJjSRvjRTjH3Gam6ZF7,-3956.97,0.00,,,-3956.97,usd,2026-02-10 13:30,2026-02-10 13:30,"",,,,,,,,,,,,,,,,,
txn_1Sy2CgJjSRvjRTjHrvmdKZY1,stripe_fee,,-0.55,0.04,,,-0.59,usd,2026-02-07 03:29,2026-02-07 03:29,Revenue recognition (2026-02-05): Standalone charges,,,,,,,,,,,,,,,,,
txn_1SxjSzJjSRvjRTjHoEukJ1dd,stripe_fee,,-0.02,0.00,,,-0.02,usd,2026-02-06 07:28,2026-02-06 07:28,Radar (2026-02-05): Radar for Fraud Teams,,,,,,,,,,,,,,,,,
txn_1SxfsWJjSRvjRTjH6Y7MA9Z4,stripe_fee,,-0.12,0.01,,,-0.13,usd,2026-02-06 03:38,2026-02-06 03:38,Revenue recognition (2026-02-04): Standalone charges,,,,,,,,,,,,,,,,,
txn_1SxXntJjSRvjRTjHwljpOrmb,network_cost,,0.00,-0.14,,,0.14,usd,2026-02-05 19:01,2026-02-05 19:01,Card payments (2025-12-03 - 2026-02-02): Transaction network costs,,,,,,,,,,,,,,,,,
txn_3SxUO5JjSRvjRTjH1G8Hb1su,charge,ch_3SxUO5JjSRvjRTjH1L5Q9jxR,272.81,15.03,,,257.78,usd,2026-02-05 15:22,2026-02-09 00:00,,1000000.00,cop,,,,,,,,,,,,,,,
txn_1SxN84JjSRvjRTjH4z3j3iKV,stripe_fee,,-0.02,0.00,,,-0.02,usd,2026-02-05 07:37,2026-02-05 07:37,Radar (2026-02-04): Radar for Fraud Teams,,,,,,,,,,,,,,,,,
txn_1SxJD3JjSRvjRTjH7Ysg4ita,stripe_fee,,-7.72,0.59,,,-8.31,usd,2026-02-05 03:26,2026-02-05 03:26,Revenue recognition (2026-02-03): Standalone charges,,,,,,,,,,,,,,,,,
txn_1Sx0kkJjSRvjRTjHBNjYzWy5,stripe_fee,,-0.04,0.00,,,-0.04,usd,2026-02-04 07:43,2026-02-04 07:43,Radar (2026-02-03): Radar for Fraud Teams,,,,,,,,,,,,,,,,,
txn_3SwuRFJjSRvjRTjH04psGSH1,charge,ch_3SwuRFJjSRvjRTjH0sbe8Uqp,62.47,3.67,,,58.80,usd,2026-02-04 00:59,2026-02-06 00:00,,1077.00,mxn,,,,,,,,,,,,,,,
txn_3SwrO5JjSRvjRTjH0dIkeYaR,charge,ch_3SwrO5JjSRvjRTjH0EitTvKe,346.81,19.03,,,327.78,usd,2026-02-03 21:43,2026-02-05 00:00,,5976.00,mxn,,,,,,,,,,,,,,,
txn_3SwlmrJjSRvjRTjH0Lbf64Ey,charge,ch_3SwlmrJjSRvjRTjH0GdD0TpX,3511.51,189.93,,,3321.58,usd,2026-02-03 15:45,2026-02-05 00:00,,60780.00,mxn,,,,,,,,,,,,,,,
txn_1SwlVXJjSRvjRTjHDhZTKuYf,payout,po_1SwlVXJjSRvjRTjHHaeYCpVm,-10494.68,0.00,,,-10494.68,usd,2026-02-03 15:27,2026-02-03 15:27,"",,,,,,,,,,,,,,,,,
txn_1Svr4vJjSRvjRTjH0Y3VJfNQ,stripe_fee,,-22.25,1.70,,,-23.95,usd,2026-02-01 03:12,2026-02-01 03:12,Revenue recognition (2026-01-30): Standalone charges,,,,,,,,,,,,,,,,,
txn_1SvfDJJjSRvjRTjHOOJN3EqQ,payout,po_1SvfDJJjSRvjRTjHSkNVF2dw,-2027.99,0.00,,,-2027.99,usd,2026-01-31 14:31,2026-01-31 14:31,"",,,,,,,,,,,,,,,,,
txn_1SvYhoJjSRvjRTjHLX8Jb7R9,stripe_fee,,-0.08,0.01,,,-0.09,usd,2026-01-31 07:34,2026-01-31 07:34,Radar (2026-01-30): Radar for Fraud Teams,,,,,,,,,,,,,,,,,
txn_3SvOqiJjSRvjRTjH1R6pjXaY,charge,ch_3SvOqiJjSRvjRTjH1cvsGsXG,3069.30,166.04,,,2903.26,usd,2026-01-30 21:03,2026-02-03 00:00,,2589.43,eur,,,,,,,,,,,,,,,
txn_3SvOOFJjSRvjRTjH0UJw8hxk,charge,ch_3SvOOFJjSRvjRTjH0wE7j2u4,4097.82,221.58,,,3876.24,usd,2026-01-30 20:34,2026-02-03 00:00,,3452.57,eur,,,,,,,,,,,,,,,
txn_3SvK60JjSRvjRTjH05eFIg3P,charge,ch_3SvK60JjSRvjRTjH0dhAAtIu,3952.89,213.76,,,3739.13,usd,2026-01-30 15:58,2026-02-03 00:00,,3320.00,eur,,,,,,,,,,,,,,,
txn_1Sv8JlJjSRvjRTjHWE5pPCjK,stripe_fee,,-4.30,0.33,,,-4.63,usd,2026-01-30 03:24,2026-01-30 03:24,Revenue recognition (2026-01-28): Standalone charges,,,,,,,,,,,,,,,,,
txn_1SuysCJjSRvjRTjHFi4evMMH,payout,po_1SuysBJjSRvjRTjHmBBilQj3,-546.83,0.00,,,-546.83,usd,2026-01-29 17:19,2026-01-29 17:19,"",,,,,,,,,,,,,,,,,
txn_1SupzBJjSRvjRTjHNH8fCx9m,stripe_fee,,-0.04,0.00,,,-0.04,usd,2026-01-29 07:49,2026-01-29 07:49,Radar (2026-01-28): Radar for Fraud Teams,,,,,,,,,,,,,,,,,
txn_1SuloFJjSRvjRTjHCAt0qcjp,stripe_fee,,-1.16,0.09,,,-1.25,usd,2026-01-29 03:22,2026-01-29 03:22,Revenue recognition (2026-01-27): Standalone charges,,,,,,,,,,,,,,,,,
txn_3SugCjJjSRvjRTjH0QEWR8Sx,charge,ch_3SugCjJjSRvjRTjH0qRUPepw,649.29,35.36,,,613.93,usd,2026-01-28 21:23,2026-01-30 00:00,,11165.00,mxn,,,,,,,,,,,,,,,
txn_1Sue8uJjSRvjRTjH4uTbtBTp,payout,po_1Sue8uJjSRvjRTjHDRuMwjuj,-6467.20,0.00,,,-6467.20,usd,2026-01-28 19:11,2026-01-28 19:11,"",,,,,,,,,,,,,,,,,
txn_3SuauVJjSRvjRTjH0M0Mq9sq,charge,ch_3SuauVJjSRvjRTjH0hr93PYV,1500.08,81.30,,,1418.78,usd,2026-01-28 15:44,2026-01-30 00:00,,1254.00,eur,,,,,,,,,,,,,,,
txn_1SuTCfJjSRvjRTjHLyf66i6j,stripe_fee,,-0.02,0.00,,,-0.02,usd,2026-01-28 07:30,2026-01-28 07:30,Radar (2026-01-27): Radar for Fraud Teams,,,,,,,,,,,,,,,,,
txn_1SuP6lJjSRvjRTjHA09lOCXU,stripe_fee,,-3.75,0.29,,,-4.04,usd,2026-01-28 03:07,2026-01-28 03:07,Revenue recognition (2026-01-26): Standalone charges,,,,,,,,,,,,,,,,,
txn_3SuHp5JjSRvjRTjH1tqnrBGz,charge,ch_3SuHp5JjSRvjRTjH1L7Xf46r,579.73,31.61,,,548.12,usd,2026-01-27 19:21,2026-01-29 00:00,,10000.00,mxn,,,,,,,,,,,,,,,
txn_1Su6KgJjSRvjRTjHXRWIIfCh,stripe_fee,,-0.32,0.02,,,-0.34,usd,2026-01-27 07:05,2026-01-27 07:05,Radar (2026-01-26): Radar for Fraud Teams,,,,,,,,,,,,,,,,,
txn_3StwMxJjSRvjRTjH1vrvMoej,charge,ch_3StwMxJjSRvjRTjH1QExj3aJ,936.33,50.86,,,885.47,usd,2026-01-26 20:26,2026-01-28 00:00,,16271.00,mxn,,,,,,,,,,,,,,,
txn_3Stv86JjSRvjRTjH1enAEIhb,charge,ch_3Stv86JjSRvjRTjH1pMqTmkg,938.54,50.99,,,887.55,usd,2026-01-26 19:07,2026-01-28 00:00,,16271.00,mxn,,,,,,,,,,,,,,,
txn_1StJgKJjSRvjRTjHtCZQdvS9,stripe_fee,,-8.42,0.64,,,-9.06,usd,2026-01-25 03:08,2026-01-25 03:08,Revenue recognition (2026-01-23): Standalone charges,,,,,,,,,,,,,,,,,
txn_1St1RmJjSRvjRTjHmggCmaWw,stripe_fee,,-0.14,0.01,,,-0.15,usd,2026-01-24 07:39,2026-01-24 07:39,Radar (2026-01-23): Radar for Fraud Teams,,,,,,,,,,,,,,,,,
txn_1SsxNrJjSRvjRTjHNtGuKLWI,stripe_fee,,-1.54,0.12,,,-1.66,usd,2026-01-24 03:19,2026-01-24 03:19,Revenue recognition (2026-01-22): Standalone charges,,,,,,,,,,,,,,,,,
txn_3SsqKKJjSRvjRTjH0O6IlkDZ,charge,ch_3SsqKKJjSRvjRTjH0Idczptc,4208.06,227.53,,,3980.53,usd,2026-01-23 19:47,2026-01-27 00:00,,73163.00,mxn,,,,,,,,,,,,,,,
txn_1SsogHJjSRvjRTjHvZNAihsC,payout,po_1SsogHJjSRvjRTjHKTrW6Wzd,-7281.65,0.00,,,-7281.65,usd,2026-01-23 18:02,2026-01-23 18:02,"",,,,,,,,,,,,,,,,,
txn_1SskVnJjSRvjRTjH02WVS4wI,stripe_fee,,-0.40,0.03,,,-0.43,usd,2026-01-23 13:34,2026-01-23 13:34,Radar (2026-01-22): Radar for Fraud Teams,,,,,,,,,,,,,,,,,
txn_3SsQSIJjSRvjRTjH0uuk0bjX,charge,ch_3SsQSIJjSRvjRTjH04yYb5MZ,770.85,41.93,,,728.92,usd,2026-01-22 16:09,2026-01-26 00:00,,13471.00,mxn,,,,,,,,,,,,,,,
txn_1SsEENJjSRvjRTjHgiOId2QB,stripe_fee,,-15.44,1.18,,,-16.62,usd,2026-01-22 03:06,2026-01-22 03:06,Revenue recognition (2026-01-20): Standalone charges,,,,,,,,,,,,,,,,,
txn_1SrvpkJjSRvjRTjHOCuopsy1,stripe_fee,,-0.08,0.01,,,-0.09,usd,2026-01-21 07:28,2026-01-21 07:28,Radar (2026-01-20): Radar for Fraud Teams,,,,,,,,,,,,,,,,,
txn_3SrgTAJjSRvjRTjH1g2CQgam,charge,ch_3SrgTAJjSRvjRTjH1bdQ9WuH,4043.37,218.64,,,3824.73,usd,2026-01-20 15:03,2026-01-22 00:00,,3450.00,eur,,,,,,,,,,,,,,,
txn_3SrgBgJjSRvjRTjH0jsdWh0s,charge,ch_3SrgBgJjSRvjRTjH0MfPMgGI,3038.55,164.39,,,2874.16,usd,2026-01-20 14:45,2026-01-22 00:00,,2589.39,eur,,,,,,,,,,,,,,,
txn_3SrTcqJjSRvjRTjH0IFO6bwM,charge,ch_3SrTcqJjSRvjRTjH0WAainLA,634.46,34.56,,,599.90,usd,2026-01-20 01:20,2026-01-22 00:00,,11164.00,mxn,,,,,,,,,,,,,,,
txn_1SrLzaJjSRvjRTjHaYKlcUYW,payout,po_1SrLzZJjSRvjRTjH3VvbOmQu,-5357.10,0.00,,,-5357.10,usd,2026-01-19 17:11,2026-01-19 17:11,"",,,,,,,,,,,,,,,,,
txn_1Sq3XgJjSRvjRTjHJc9HmZdR,stripe_fee,,-11.23,0.86,,,-12.09,usd,2026-01-16 03:17,2026-01-16 03:17,Revenue recognition (2026-01-14): Standalone charges,,,,,,,,,,,,,,,,,
txn_1SpkZFJjSRvjRTjH39bdImzG,stripe_fee,,-0.06,0.00,,,-0.06,usd,2026-01-15 07:02,2026-01-15 07:02,Radar (2026-01-14): Radar for Fraud Teams,,,,,,,,,,,,,,,,,
txn_1SpXZYJjSRvjRTjH9i779uau,payout,po_1SpXZYJjSRvjRTjH3SNj2YE2,-2500.27,0.00,,,-2500.27,usd,2026-01-14 17:09,2026-01-14 17:09,"",,,,,,,,,,,,,,,,,
txn_3SpXSwJjSRvjRTjH0J6mPROD,charge,ch_3SpXSwJjSRvjRTjH0cJO20vu,3667.00,161.65,,,3505.35,usd,2026-01-14 17:03,2026-01-16 00:00,,3667.00,usd,,,,,,,,,,,,,,,
txn_3SpWluJjSRvjRTjH1Ip1WBT2,charge,ch_3SpWluJjSRvjRTjH1kIYa5sT,1950.00,86.10,,,1863.90,usd,2026-01-14 16:18,2026-01-16 00:00,,1950.00,usd,,,,,,,,,,,,,,,
txn_1SpKceJjSRvjRTjHkn1Lbabu,stripe_fee,,-0.14,0.01,,,-0.15,usd,2026-01-14 03:19,2026-01-14 03:19,Revenue recognition (2026-01-12): Standalone charges,,,,,,,,,,,,,,,,,
txn_1Sp7PcJjSRvjRTjHtllhuS8R,payout,po_1Sp7PcJjSRvjRTjHZJHRI8s5,-16046.46,0.00,,,-16046.46,usd,2026-01-13 13:13,2026-01-13 13:13,"",,,,,,,,,,,,,,,,,
txn_1Sp1sSJjSRvjRTjH8pnxay7f,stripe_fee,,-0.04,0.00,,,-0.04,usd,2026-01-13 07:18,2026-01-13 07:18,Radar (2026-01-12): Radar for Fraud Teams,,,,,,,,,,,,,,,,,
txn_1SoxpoJjSRvjRTjHh3JHmF3C,stripe_fee,,-5.07,0.39,,,-5.46,usd,2026-01-13 02:59,2026-01-13 02:59,Revenue recognition (2026-01-11): Standalone charges,,,,,,,,,,,,,,,,,
txn_3Sonq9JjSRvjRTjH0ZTfoaki,charge,ch_3Sonq9JjSRvjRTjH0C7UGwTj,70.00,3.38,,,66.62,usd,2026-01-12 16:52,2026-01-14 00:00,,70.00,usd,,,,,,,,,,,,,,,
txn_1SofO0JjSRvjRTjHXug3JC9O,stripe_fee,,-0.02,0.00,,,-0.02,usd,2026-01-12 07:17,2026-01-12 07:17,Radar (2026-01-11): Radar for Fraud Teams,,,,,,,,,,,,,,,,,
txn_3SoVZsJjSRvjRTjH0DTda4ja,charge,ch_3SoVZsJjSRvjRTjH0MenWOWg,2532.88,99.08,,,2433.80,usd,2026-01-11 20:49,2026-01-14 00:00,,9406237.00,cop,,,,,,,,,,,,,,,
txn_1SoEdBJjSRvjRTjHvutKnoiR,stripe_fee,,-3.95,0.30,,,-4.25,usd,2026-01-11 02:43,2026-01-11 02:43,Revenue recognition (2026-01-09): Standalone charges,,,,,,,,,,,,,,,,,
txn_1SnwOBJjSRvjRTjHuAj2crwO,stripe_fee,,-0.08,0.01,,,-0.09,usd,2026-01-10 07:15,2026-01-10 07:15,Radar (2026-01-09): Radar for Fraud Teams,,,,,,,,,,,,,,,,,
txn_3Sng13JjSRvjRTjH1TgsYWZs,charge,ch_3Sng13JjSRvjRTjH1PXeXLrJ,1975.00,87.20,,,1887.80,usd,2026-01-09 13:46,2026-01-13 00:00,,1975.00,usd,,,,,,,,,,,,,,,
txn_1SnW1gJjSRvjRTjHHxcH2Dt8,stripe_fee,,-0.87,0.07,,,-0.94,usd,2026-01-09 03:06,2026-01-09 03:06,Revenue recognition (2026-01-07): Standalone charges,,,,,,,,,,,,,,,,,
txn_1SnD5nJjSRvjRTjH8sMeA3og,stripe_fee,,-0.04,0.00,,,-0.04,usd,2026-01-08 06:53,2026-01-08 06:53,Radar (2026-01-07): Radar for Fraud Teams,,,,,,,,,,,,,,,,,
txn_1Sn9NDJjSRvjRTjHwjfeEbcG,stripe_fee,,-16.76,1.28,,,-18.04,usd,2026-01-08 02:54,2026-01-08 02:54,Revenue recognition (2026-01-06): Standalone charges,,,,,,,,,,,,,,,,,
txn_1SmzfuJjSRvjRTjHzBblw6Ie,payout,po_1SmzfuJjSRvjRTjHNH3ErgeQ,-436.80,0.00,,,-436.80,usd,2026-01-07 16:33,2026-01-07 16:33,"",,,,,,,,,,,,,,,,,
txn_3SmzBEJjSRvjRTjH0DJ72b0w,charge,ch_3SmzBEJjSRvjRTjH0KbjZLbO,104.03,5.92,,,98.11,usd,2026-01-07 16:01,2026-01-09 00:00,,89.00,eur,,,,,,,,,,,,,,,
txn_3SmyGUJjSRvjRTjH0f29hTBK,charge,ch_3SmyGUJjSRvjRTjH0furQtzq,332.34,18.24,,,314.10,usd,2026-01-07 15:03,2026-01-09 00:00,,5976.00,mxn,,,,,,,,,,,,,,,
txn_1Smr0eJjSRvjRTjH6W3cV31k,stripe_fee,,-0.04,0.00,,,-0.04,usd,2026-01-07 07:18,2026-01-07 07:18,Radar (2026-01-06): Radar for Fraud Teams,,,,,,,,,,,,,,,,,
txn_3SmgBQJjSRvjRTjH1pr7WRbg,charge,ch_3SmgBQJjSRvjRTjH1xC3JvTS,8380.00,369.02,,,8010.98,usd,2026-01-06 19:44,2026-01-08 00:00,,8380.00,usd,,,,,,,,,,,,,,,
txn_3SaP38JjSRvjRTjH1kdyt0Rv,refund,ch_3SaP38JjSRvjRTjH1DZh1sVT,-36.00,-0.14,,,-35.86,usd,2026-01-06 15:51,2026-01-06 15:51,REFUND FOR CHARGE,-36.00,usd,,,,,,,,,,,,,,,
txn_1SmDaBJjSRvjRTjHUqKZE3j0,payout,po_1SmDaAJjSRvjRTjHLLPrVq2V,-11547.06,0.00,,,-11547.06,usd,2026-01-05 13:12,2026-01-05 13:12,"",,,,,,,,,,,,,,,,,
txn_1SlKuPJjSRvjRTjH2HzWwPvL,stripe_fee,,-1.00,0.08,,,-1.08,usd,2026-01-03 02:49,2026-01-03 02:49,Revenue recognition (2026-01-01): Standalone charges,,,,,,,,,,,,,,,,,
txn_1SlEWzJjSRvjRTjHXbvRBxPY,payment_failure_refund,py_3Sg74qJjSRvjRTjH15kIhYEL,-1443.09,-15.43,,,-1427.66,usd,2026-01-02 20:01,2026-01-06 00:00,Funds reversed due to payment py_3Sg74qJjSRvjRTjH15kIhYEL failed,,,,,,,,,,,,,,,,,
txn_1Sl2H2JjSRvjRTjHIBpr3y1k,stripe_fee,,-0.02,0.00,,,-0.02,usd,2026-01-02 06:55,2026-01-02 06:55,Radar (2026-01-01): Radar for Fraud Teams,,,,,,,,,,,,,,,,,
txn_1SkyMpJjSRvjRTjHDfCKcLt8,stripe_fee,,-11.66,0.89,,,-12.55,usd,2026-01-02 02:45,2026-01-02 02:45,Revenue recognition (2025-12-31): Standalone charges,,,,,,,,,,,,,,,,,
txn_3SkuaIJjSRvjRTjH1HofR3mZ,charge,ch_3SkuaIJjSRvjRTjH18W2YvJd,500.00,22.30,,,477.70,usd,2026-01-01 22:43,2026-01-06 00:00,,500.00,usd,,,,,,,,,,,,,,,
txn_1SkbrWJjSRvjRTjHt7w5jOyp,stripe_fee,,-11.71,0.89,,,-12.60,usd,2026-01-01 02:43,2026-01-01 02:43,Revenue recognition (2025-12-30): Standalone charges,,,,,,,,,,,,,,,,,
txn_3SicmhJjSRvjRTjH0IzPpOw7,payment,py_3SicmhJjSRvjRTjH0T1sMkrN,5828.64,64.29,,,5764.35,usd,2025-12-31 07:56,2026-01-09 00:00,,4966.00,eur,,,,,,,,,,,,,,,
txn_1SkJIIJjSRvjRTjHOB7Q6U7Z,stripe_fee,,-0.06,0.00,,,-0.06,usd,2025-12-31 06:54,2025-12-31 06:54,Radar (2025-12-30): Radar for Fraud Teams,,,,,,,,,,,,,,,,,
txn_1SkFV8JjSRvjRTjHjyNlQbz3,stripe_fee,,-11.31,0.86,,,-12.17,usd,2025-12-31 02:51,2025-12-31 02:51,Revenue recognition (2025-12-29): Standalone charges,,,,,,,,,,,,,,,,,
txn_3SkAHyJjSRvjRTjH1VsnRD9O,refund,ch_3SkAHyJjSRvjRTjH1MJFgdY4,-11.89,0.00,,,-11.89,usd,2025-12-30 21:19,2026-01-02 00:00,REFUND FOR CHARGE,-11.89,usd,,,,,,,,,,,,,,,
txn_3SkAHyJjSRvjRTjH1cHgcruE,charge,ch_3SkAHyJjSRvjRTjH1MJFgdY4,11.89,0.82,,,11.07,usd,2025-12-30 21:17,2026-01-02 00:00,,11.89,usd,,,,,,,,,,,,,,,
txn_1Sk3OpJjSRvjRTjHuTNSfm7x,payout,po_1Sk3OpJjSRvjRTjHz4AkJk7K,-4078.77,0.00,,,-4078.77,usd,2025-12-30 13:55,2025-12-30 13:55,"",,,,,,,,,,,,,,,,,
txn_1Sjwl0JjSRvjRTjHNwfCBnYU,stripe_fee,,-0.04,0.00,,,-0.04,usd,2025-12-30 06:50,2025-12-30 06:50,Radar (2025-12-29): Radar for Fraud Teams,,,,,,,,,,,,,,,,,
txn_1SjslNJjSRvjRTjH5HkeFklt,stripe_fee,,-1.49,0.11,,,-1.60,usd,2025-12-30 02:34,2025-12-30 02:34,Revenue recognition (2025-12-28): Standalone charges,,,,,,,,,,,,,,,,,
txn_3SjqLlJjSRvjRTjH0zef9PxR,charge,ch_3SjqLlJjSRvjRTjH0CqR3iLe,5844.58,315.91,,,5528.67,usd,2025-12-30 00:02,2026-01-02 00:00,,4966.00,eur,,,,,,,,,,,,,,,
txn_3SjjuSJjSRvjRTjH1m8Zpz73,charge,ch_3SjjuSJjSRvjRTjH17imUzFs,5650.22,305.41,,,5344.81,usd,2025-12-29 17:07,2025-12-31 00:00,,101501.00,mxn,,,,,,,,,,,,,,,
txn_1SjaIdJjSRvjRTjHStu3ZGfc,stripe_fee,,-0.02,0.00,,,-0.02,usd,2025-12-29 06:51,2025-12-29 06:51,Radar (2025-12-28): Radar for Fraud Teams,,,,,,,,,,,,,,,,,
txn_3SjS1SJjSRvjRTjH0aZziNZu,charge,ch_3SjS1SJjSRvjRTjH0WAFS1Wa,746.00,33.12,,,712.88,usd,2025-12-28 22:01,2025-12-31 00:00,,746.00,usd,,,,,,,,,,,,,,,
txn_1Sj9utJjSRvjRTjHibPYeZ2s,stripe_fee,,-8.59,0.65,,,-9.24,usd,2025-12-28 02:41,2025-12-28 02:41,Revenue recognition (2025-12-26): Standalone charges,,,,,,,,,,,,,,,,,
txn_1SirJ0JjSRvjRTjHXPc48tUI,stripe_fee,,-0.10,0.01,,,-0.11,usd,2025-12-27 06:48,2025-12-27 06:48,Radar (2025-12-26): Radar for Fraud Teams,,,,,,,,,,,,,,,,,
txn_3SiddHJjSRvjRTjH1BPAsgKj,charge,ch_3SiddHJjSRvjRTjH1216dHPu,1443.75,78.27,,,1365.48,usd,2025-12-26 16:12,2025-12-30 00:00,,1226.00,eur,,,,,,,,,,,,,,,
txn_1Sic8rJjSRvjRTjHehfjtf3c,payout,po_1Sic8rJjSRvjRTjHenGnmtx0,-19773.35,0.00,,,-19773.35,usd,2025-12-26 14:37,2025-12-26 14:37,"",,,,,,,,,,,,,,,,,
txn_3SibjHJjSRvjRTjH1FoRiV5c,charge,ch_3SibjHJjSRvjRTjH1XBuhtwH,2850.00,125.70,,,2724.30,usd,2025-12-26 14:10,2025-12-30 00:00,,2850.00,usd,,,,,,,,,,,,,,,
txn_1Si4TxJjSRvjRTjHuBEDNenb,stripe_fee,,-6.89,0.53,,,-7.42,usd,2025-12-25 02:40,2025-12-25 02:40,Revenue recognition (2025-12-23): Standalone charges,,,,,,,,,,,,,,,,,
txn_1Shm7CJjSRvjRTjH6E5X0Cyh,stripe_fee,,-0.04,0.00,,,-0.04,usd,2025-12-24 07:04,2025-12-24 07:04,Radar (2025-12-23): Radar for Fraud Teams,,,,,,,,,,,,,,,,,
txn_1ShhtNJjSRvjRTjHoJ39EEOM,stripe_fee,,-19.83,1.51,,,-21.34,usd,2025-12-24 02:33,2025-12-24 02:33,Revenue recognition (2025-12-22): Standalone charges,,,,,,,,,,,,,,,,,
txn_1ShaAMJjSRvjRTjHgVGI4fh9,payout,po_1ShaAMJjSRvjRTjHy28xOltc,-2014.65,0.00,,,-2014.65,usd,2025-12-23 18:18,2025-12-23 18:18,"",,,,,,,,,,,,,,,,,
txn_3Sg74qJjSRvjRTjH12ajHXWf,payment,py_3Sg74qJjSRvjRTjH15kIhYEL,1443.09,20.43,,,1422.66,usd,2025-12-23 18:06,2026-01-06 00:00,,1226.00,eur,,,,,,,,,,,,,,,
txn_3ShVuGJjSRvjRTjH0H2GfekK,charge,ch_3ShVuGJjSRvjRTjH0p7L7VGl,2000.00,88.30,,,1911.70,usd,2025-12-23 13:45,2025-12-26 00:00,,2000.00,usd,,,,,,,,,,,,,,,
txn_1ShPCdJjSRvjRTjH4UxeY1Xw,stripe_fee,,-0.06,0.00,,,-0.06,usd,2025-12-23 06:36,2025-12-23 06:36,Radar (2025-12-22): Radar for Fraud Teams,,,,,,,,,,,,,,,,,
txn_3ShCl5JjSRvjRTjH0rBiWxtd,charge,ch_3ShCl5JjSRvjRTjH0yNBg0fT,1351.42,73.27,,,1278.15,usd,2025-12-22 17:19,2025-12-24 00:00,,1150.00,eur,,,,,,,,,,,,,,,
txn_3ShABBJjSRvjRTjH1b1P3pdN,charge,ch_3ShABBJjSRvjRTjH15qXYyTB,2702.75,146.25,,,2556.50,usd,2025-12-22 14:33,2025-12-24 00:00,,2300.00,eur,,,,,,,,,,,,,,,
txn_3Sh1w5JjSRvjRTjH1tJu3TBP,charge,ch_3Sh1w5JjSRvjRTjH1QoS18rI,5860.10,316.74,,,5543.36,usd,2025-12-22 05:45,2025-12-24 00:00,,5000.00,eur,,,,,,,,,,,,,,,
txn_1SgylvJjSRvjRTjH4uFpVTU1,stripe_fee,,-18.00,1.37,,,-19.37,usd,2025-12-22 02:22,2025-12-22 02:22,Revenue recognition (2025-12-20): Standalone charges,,,,,,,,,,,,,,,,,
txn_1SggKVJjSRvjRTjHQJXxB2UP,stripe_fee,,-0.06,0.00,,,-0.06,usd,2025-12-21 06:41,2025-12-21 06:41,Radar (2025-12-20): Radar for Fraud Teams,,,,,,,,,,,,,,,,,
txn_1SgcQNJjSRvjRTjH2m3xyCSj,stripe_fee,,-4.31,0.33,,,-4.64,usd,2025-12-21 02:31,2025-12-21 02:31,Revenue recognition (2025-12-19): Standalone charges,,,,,,,,,,,,,,,,,
txn_1SgWNpJjSRvjRTjHpK7hMHIp,payout,po_1SgWNpJjSRvjRTjHPQkJhBaR,-3397.13,0.00,,,-3397.13,usd,2025-12-20 20:04,2025-12-20 20:04,"",,,,,,,,,,,,,,,,,
txn_3SgW8nJjSRvjRTjH1CG3xJI8,charge,ch_3SgW8nJjSRvjRTjH1VAw4133,3370.36,182.30,,,3188.06,usd,2025-12-20 19:48,2025-12-24 00:00,,60778.00,mxn,,,,,,,,,,,,,,,
txn_1SgKA9JjSRvjRTjHDKo8PNet,stripe_fee,,-0.04,0.00,,,-0.04,usd,2025-12-20 07:01,2025-12-20 07:01,Radar (2025-12-19): Radar for Fraud Teams,,,,,,,,,,,,,,,,,
txn_3SgGrOJjSRvjRTjH0dzWSBhq,charge,ch_3SgGrOJjSRvjRTjH0ONCfNn2,5628.63,304.25,,,5324.38,usd,2025-12-20 03:30,2025-12-24 00:00,,101501.00,mxn,,,,,,,,,,,,,,,
txn_3Sg7ZtJjSRvjRTjH1ZANpg84,charge,ch_3Sg7ZtJjSRvjRTjH1P76p8FW,2155.47,116.69,,,2038.78,usd,2025-12-19 17:34,2025-12-23 00:00,,1839.00,eur,,,,,,,,,,,,,,,
txn_1SftmLJjSRvjRTjHXc10J4aS,stripe_fee,,-7.20,0.55,,,-7.75,usd,2025-12-19 02:50,2025-12-19 02:50,Revenue recognition (2025-12-17): Standalone charges,,,,,,,,,,,,,,,,,
txn_1SfkByJjSRvjRTjHBysBUjc7,payout,po_1SfkByJjSRvjRTjHIIyRLot6,-1903.50,0.00,,,-1903.50,usd,2025-12-18 16:36,2025-12-18 16:36,"",,,,,,,,,,,,,,,,,
txn_1SfdBNJjSRvjRTjHtG6cdIAl,stripe_fee,,-0.02,0.00,,,-0.02,usd,2025-12-18 09:07,2025-12-18 09:07,Radar (2025-12-17): Radar for Fraud Teams,,,,,,,,,,,,,,,,,
txn_3SfQ3NJjSRvjRTjH1uJUcivb,charge,ch_3SfQ3NJjSRvjRTjH1Gsg63Bf,3599.60,194.68,,,3404.92,usd,2025-12-17 19:06,2025-12-19 00:00,,3065.00,eur,,,,,,,,,,,,,,,
txn_1SfCu3JjSRvjRTjHIMe3adWV,stripe_fee,,-4.04,0.31,,,-4.35,usd,2025-12-17 05:03,2025-12-17 05:03,Revenue recognition (2025-12-15): Standalone charges,,,,,,,,,,,,,,,,,
txn_1Sf7JXJjSRvjRTjHZqEVafDl,stripe_fee,,-0.04,0.00,,,-0.04,usd,2025-12-16 23:05,2025-12-16 23:05,Radar (2025-12-15): Radar for Fraud Teams,,,,,,,,,,,,,,,,,
txn_1SecXOJjSRvjRTjHEPBJjAzp,payout,po_1SecXNJjSRvjRTjHFEQj4xk8,-1999.56,0.00,,,-1999.56,usd,2025-12-15 14:14,2025-12-15 14:14,"",,,,,,,,,,,,,,,,,
txn_3SecO9JjSRvjRTjH14goDTeD,charge,ch_3SecO9JjSRvjRTjH1N8LvP1t,2017.13,109.22,,,1907.91,usd,2025-12-15 14:04,2025-12-17 00:00,,1717.00,eur,,,,,,,,,,,,,,,
txn_1SdkeoJjSRvjRTjHZAwdjbrC,stripe_fee,,-2.60,0.20,,,-2.80,usd,2025-12-13 04:42,2025-12-13 04:42,Revenue recognition (2025-12-11): Standalone charges,,,,,,,,,,,,,,,,,
txn_1SdRp2JjSRvjRTjH1yQAtLSG,stripe_fee,,-0.02,0.00,,,-0.02,usd,2025-12-12 08:35,2025-12-12 08:35,Radar (2025-12-11): Radar for Fraud Teams,,,,,,,,,,,,,,,,,
txn_1SdOTBJjSRvjRTjHQvHno4OY,stripe_fee,,-1.64,0.12,,,-1.76,usd,2025-12-12 05:00,2025-12-12 05:00,Revenue recognition (2025-12-10): Standalone charges,,,,,,,,,,,,,,,,,
txn_1SdB4BJjSRvjRTjHEe1sfXj2,payout,po_1SdB4AJjSRvjRTjH8CXh5zzd,-3547.23,0.00,,,-3547.23,usd,2025-12-11 14:42,2025-12-11 14:42,"",,,,,,,,,,,,,,,,,
txn_3Sd9wWJjSRvjRTjH1xazJCBo,charge,ch_3Sd9wWJjSRvjRTjH10J4iu95,1300.17,70.51,,,1229.66,usd,2025-12-11 13:30,2025-12-15 00:00,,23625.00,mxn,,,,,,,,,,,,,,,
txn_1Sd5RHJjSRvjRTjH2qcd0JuB,stripe_fee,,-0.02,0.00,,,-0.02,usd,2025-12-11 08:41,2025-12-11 08:41,Radar (2025-12-10): Radar for Fraud Teams,,,,,,,,,,,,,,,,,
txn_1Sd1iQJjSRvjRTjHxdvx59Br,stripe_fee,,-0.98,0.08,,,-1.06,usd,2025-12-11 04:42,2025-12-11 04:42,Revenue recognition (2025-12-09): Standalone charges,,,,,,,,,,,,,,,,,
txn_3ScuUTJjSRvjRTjH0HYefyoj,charge,ch_3ScuUTJjSRvjRTjH0gPb6iYP,819.01,44.53,,,774.48,usd,2025-12-10 21:00,2025-12-12 00:00,,14892.00,mxn,,,,,,,,,,,,,,,
txn_1ScjUtJjSRvjRTjHVkctMFW8,stripe_fee,,-0.04,0.00,,,-0.04,usd,2025-12-10 09:15,2025-12-10 09:15,Radar (2025-12-09): Radar for Fraud Teams,,,,,,,,,,,,,,,,,
txn_1ScfTSJjSRvjRTjHWNaJg7tS,stripe_fee,,-5.97,0.46,,,-6.43,usd,2025-12-10 04:58,2025-12-10 04:58,Revenue recognition (2025-12-08): Standalone charges,,,,,,,,,,,,,,,,,
txn_3ScMuxJjSRvjRTjH0cpNRsTL,refund,ch_3ScMuxJjSRvjRTjH07QFabOk,-246.00,0.00,,,-246.00,usd,2025-12-09 19:03,2025-12-11 00:00,REFUND FOR CHARGE,-246.00,usd,,,,,,,,,,,,,,,
txn_1ScQRfJjSRvjRTjHGcp3WtBl,payout,po_1ScQRfJjSRvjRTjHmgI4Nr85,-2320.68,0.00,,,-2320.68,usd,2025-12-09 12:55,2025-12-09 12:55,"",,,,,,,,,,,,,,,,,
txn_1ScNWmJjSRvjRTjHPPugoeP9,stripe_fee,,-0.04,0.00,,,-0.04,usd,2025-12-09 09:48,2025-12-09 09:48,Radar (2025-12-08): Radar for Fraud Teams,,,,,,,,,,,,,,,,,
txn_3ScMuxJjSRvjRTjH0NEZZ5G3,charge,ch_3ScMuxJjSRvjRTjH07QFabOk,246.00,11.12,,,234.88,usd,2025-12-09 09:09,2025-12-11 00:00,,246.00,usd,,,,,,,,,,,,,,,
txn_3ScMthJjSRvjRTjH0BmzI9F9,charge,ch_3ScMthJjSRvjRTjH0HGvCI44,246.00,11.12,,,234.88,usd,2025-12-09 09:07,2025-12-11 00:00,,246.00,usd,,,,,,,,,,,,,,,
txn_3ScAQBJjSRvjRTjH1rROCIbp,charge,ch_3ScAQBJjSRvjRTjH1fvaxYbX,2738.89,107.12,,,2631.77,usd,2025-12-08 19:48,2025-12-10 00:00,,50000.00,mxn,,,,,,,,,,,,,,,
txn_1SbwCTJjSRvjRTjHWmJfIOdg,stripe_fee,,-0.97,0.07,,,-1.04,usd,2025-12-08 04:37,2025-12-08 04:37,Revenue recognition (2025-12-06): Standalone charges,,,,,,,,,,,,,,,,,
txn_3SbsOtJjSRvjRTjH0tMJ1FBe,charge,ch_3SbsOtJjSRvjRTjH0na14fu4,246.00,11.12,,,234.88,usd,2025-12-08 00:34,2025-12-10 00:00,,246.00,usd,,,,,,,,,,,,,,,
txn_1SbdfKJjSRvjRTjH0sVEYWVp,stripe_fee,,-0.02,0.00,,,-0.02,usd,2025-12-07 08:50,2025-12-07 08:50,Radar (2025-12-06): Radar for Fraud Teams,,,,,,,,,,,,,,,,,
txn_1SbZuwJjSRvjRTjHEaKFN2pv,stripe_fee,,-4.02,0.31,,,-4.33,usd,2025-12-07 04:49,2025-12-07 04:49,Revenue recognition (2025-12-05): Standalone charges,,,,,,,,,,,,,,,,,
txn_3SbPA7JjSRvjRTjH0CnyPAdd,charge,ch_3SbPA7JjSRvjRTjH0ztwvscc,483.53,19.16,,,464.37,usd,2025-12-06 17:20,2025-12-10 00:00,,1848000.00,cop,,,,,,,,,,,,,,,
txn_1SbHD0JjSRvjRTjHOiBUGJGm,stripe_fee,,-0.02,0.00,,,-0.02,usd,2025-12-06 08:51,2025-12-06 08:51,Radar (2025-12-05): Radar for Fraud Teams,,,,,,,,,,,,,,,,,
txn_1SbDPxJjSRvjRTjHGTqlXpQC,stripe_fee,,-0.90,0.07,,,-0.97,usd,2025-12-06 04:48,2025-12-06 04:48,Revenue recognition (2025-12-04): Standalone charges,,,,,,,,,,,,,,,,,
txn_3Sb7RJJjSRvjRTjH13fSTH6l,charge,ch_3Sb7RJJjSRvjRTjH1jOXMfHG,2007.83,108.72,,,1899.11,usd,2025-12-05 22:25,2025-12-09 00:00,,7672657.00,cop,,,,,,,,,,,,,,,
txn_1Sb2wjJjSRvjRTjHD3PcEb4q,payout,po_1Sb2wjJjSRvjRTjHclFtQDGo,-33.88,0.00,,,-33.88,usd,2025-12-05 17:37,2025-12-05 17:37,"",,,,,,,,,,,,,,,,,
txn_1SauY4JjSRvjRTjHRCij7wf5,stripe_fee,,-0.02,0.00,,,-0.02,usd,2025-12-05 08:39,2025-12-05 08:39,Radar (2025-12-04): Radar for Fraud Teams,,,,,,,,,,,,,,,,,
txn_1SarBKJjSRvjRTjHZoin7cwM,stripe_fee,,-0.07,0.01,,,-0.08,usd,2025-12-05 05:03,2025-12-05 05:03,Revenue recognition (2025-12-03): Standalone charges,,,,,,,,,,,,,,,,,
txn_1SacHZJjSRvjRTjH0tr5EHIT,payout,po_1SacHYJjSRvjRTjHSglBWOlx,-3519.50,0.00,,,-3519.50,usd,2025-12-04 13:09,2025-12-04 13:09,"",,,,,,,,,,,,,,,,,
txn_3SabG3JjSRvjRTjH0VN3Q99f,charge,ch_3SabG3JjSRvjRTjH07jWGsRR,448.00,20.01,,,427.99,usd,2025-12-04 12:03,2025-12-08 00:00,,448.00,usd,,,,,,,,,,,,,,,
txn_1SaYaVJjSRvjRTjHVSoKzloG,stripe_fee,,-0.02,0.00,,,-0.02,usd,2025-12-04 09:12,2025-12-04 09:12,Radar (2025-12-03): Radar for Fraud Teams,,,,,,,,,,,,,,,,,
txn_1SaUlLJjSRvjRTjHmnr0urWk,stripe_fee,,-7.36,0.56,,,-7.92,usd,2025-12-04 05:07,2025-12-04 05:07,Revenue recognition (2025-12-02): Standalone charges,,,,,,,,,,,,,,,,,
txn_3SaP38JjSRvjRTjH1uwS6mnh,charge,ch_3SaP38JjSRvjRTjH1DZh1sVT,36.00,2.02,,,33.98,usd,2025-12-03 23:01,2025-12-05 00:00,,36.00,usd,,,,,,,,,,,,,,,
txn_1SaLfcJjSRvjRTjHuc0AQgVx,payout,po_1SaLfcJjSRvjRTjHy5rDxDy3,-5846.80,0.00,,,-5846.80,usd,2025-12-03 19:24,2025-12-03 19:24,"",,,,,,,,,,,,,,,,,
txn_1SaC9JJjSRvjRTjHl4r2ps4l,stripe_fee,,-0.12,0.01,,,-0.13,usd,2025-12-03 09:15,2025-12-03 09:15,Radar (2025-12-02): Radar for Fraud Teams,,,,,,,,,,,,,,,,,
txn_1Sa85GJjSRvjRTjHUu9AG9pC,stripe_fee,,-1.39,0.11,,,-1.50,usd,2025-12-03 04:54,2025-12-03 04:54,Revenue recognition (2025-12-01): Standalone charges,,,,,,,,,,,,,,,,,
txn_3Sa2dyJjSRvjRTjH1vGj6Lmk,charge,ch_3Sa2dyJjSRvjRTjH1QmnGtX6,36.00,1.88,,,34.12,usd,2025-12-02 23:06,2025-12-04 00:00,,36.00,usd,,,,,,,,,,,,,,,
txn_3Sa1BDJjSRvjRTjH0ulf2MGy,charge,ch_3Sa1BDJjSRvjRTjH0ubK3uJb,3011.55,117.75,,,2893.80,usd,2025-12-02 21:32,2025-12-04 00:00,,11485128.00,cop,,,,,,,,,,,,,,,
txn_1SZvbdJjSRvjRTjHkAPbWzhb,payout,po_1SZvbdJjSRvjRTjHA2KQfdAb,-29.29,0.00,,,-29.29,usd,2025-12-02 15:35,2025-12-02 15:35,"",,,,,,,,,,,,,,,,,
txn_3SZucBJjSRvjRTjH08DzNUwh,charge,ch_3SZucBJjSRvjRTjH0STH5rp1,326.65,17.94,,,308.71,usd,2025-12-02 14:32,2025-12-04 00:00,,5976.00,mxn,,,,,,,,,,,,,,,
txn_1SZpzDJjSRvjRTjHNSoGXoba,stripe_fee,,-0.04,0.00,,,-0.04,usd,2025-12-02 09:35,2025-12-02 09:35,Radar (2025-12-01): Radar for Fraud Teams,,,,,,,,,,,,,,,,,
txn_1SZlxbJjSRvjRTjH1t6yZemm,stripe_fee,,-8.00,0.61,,,-8.61,usd,2025-12-02 05:17,2025-12-02 05:17,Revenue recognition (2025-11-30): Standalone charges,,,,,,,,,,,,,,,,,
txn_3SZiqMJjSRvjRTjH1ewwiUUR,charge,ch_3SZiqMJjSRvjRTjH1wZeJaMN,284.80,15.68,,,269.12,usd,2025-12-02 01:57,2025-12-04 00:00,,1084980.00,cop,,,,,,,,,,,,,,,
txn_3SZhreJjSRvjRTjH0mTlcyL2,charge,ch_3SZhreJjSRvjRTjH0T7A5iQw,23.00,1.31,,,21.69,usd,2025-12-02 00:54,2025-12-04 00:00,,23.00,usd,,,,,,,,,,,,,,,
txn_3SZgsnJjSRvjRTjH0Qgqbhe2,charge,ch_3SZgsnJjSRvjRTjH0tkDg8Aq,228.39,12.63,,,215.76,usd,2025-12-01 23:51,2025-12-03 00:00,,4182.00,mxn,,,,,,,,,,,,,,,
txn_3SZaw1JjSRvjRTjH0LxikByy,charge,ch_3SZaw1JjSRvjRTjH0hpCc99M,469.00,20.94,,,448.06,usd,2025-12-01 17:30,2025-12-03 00:00,,469.00,usd,,,,,,,,,,,,,,,
txn_1SZZKyJjSRvjRTjHfnfhYcoc,payout,po_1SZZKyJjSRvjRTjH1KUVivNM,-2204.21,0.00,,,-2204.21,usd,2025-12-01 15:48,2025-12-01 15:48,"",,,,,,,,,,,,,,,,,
txn_1SZTTjJjSRvjRTjHELpckm9i,stripe_fee,,-0.04,0.00,,,-0.04,usd,2025-12-01 09:33,2025-12-01 09:33,Radar (2025-11-30): Radar for Fraud Teams,,,,,,,,,,,,,,,,,
txn_1SZOoOJjSRvjRTjH1G8O2lLr,stripe_fee,,-2.97,0.23,,,-3.20,usd,2025-12-01 04:34,2025-12-01 04:34,Revenue recognition (2025-11-29): Standalone charges,,,,,,,,,,,,,,,,,
txn_3SZK3eJjSRvjRTjH0chZaQMF,charge,ch_3SZK3eJjSRvjRTjH0uk6NbWu,1332.84,72.27,,,1260.57,usd,2025-11-30 23:29,2025-12-03 00:00,,24388.00,mxn,,,,,,,,,,,,,,,
txn_3SZK0hJjSRvjRTjH0GOC8LOi,charge,ch_3SZK0hJjSRvjRTjH0OYd9XSf,2665.62,144.25,,,2521.37,usd,2025-11-30 23:26,2025-12-03 00:00,,48775.00,mxn,,,,,,,,,,,,,,,
txn_1SZ7ecJjSRvjRTjHF0SsVOgp,stripe_fee,,-0.04,0.00,,,-0.04,usd,2025-11-30 10:14,2025-11-30 10:14,Radar (2025-11-29): Radar for Fraud Teams,,,,,,,,,,,,,,,,,
txn_3SYtXkJjSRvjRTjH1em8VgAo,charge,ch_3SYtXkJjSRvjRTjH1fedX0gH,1228.25,66.62,,,1161.63,usd,2025-11-29 19:10,2025-12-03 00:00,,22473.00,mxn,,,,,,,,,,,,,,,
txn_3SYtNCJjSRvjRTjH1Vm1K8kP,charge,ch_3SYtNCJjSRvjRTjH1Yrgzmlx,255.12,14.08,,,241.04,usd,2025-11-29 19:00,2025-12-03 00:00,,220.00,eur,,,,,,,,,,,,,,,
txn_1SYfxhJjSRvjRTjHNiYaIpCP,stripe_fee,,-0.08,0.01,,,-0.09,usd,2025-11-29 04:40,2025-11-29 04:40,Revenue recognition (2025-11-27): Standalone charges,,,,,,,,,,,,,,,,,
txn_1SYNrnJjSRvjRTjH75KgAZcZ,stripe_fee,,-0.02,0.00,,,-0.02,usd,2025-11-28 09:21,2025-11-28 09:21,Radar (2025-11-27): Radar for Fraud Teams,,,,,,,,,,,,,,,,,
txn_1SYIufJjSRvjRTjHkEFWE6BG,stripe_fee,,-4.67,0.36,,,-5.03,usd,2025-11-28 04:04,2025-11-28 04:04,Revenue recognition (2025-11-26): Standalone charges,,,,,,,,,,,,,,,,,
txn_3SYESVJjSRvjRTjH0nYKGcEC,charge,ch_3SYESVJjSRvjRTjH0WNEyqrS,40.00,2.06,,,37.94,usd,2025-11-27 23:18,2025-12-02 00:00,,40.00,usd,,,,,,,,,,,,,,,
txn_1SY0NbJjSRvjRTjHh4KfDgBB,stripe_fee,,-0.04,0.00,,,-0.04,usd,2025-11-27 08:16,2025-11-27 08:16,Radar (2025-11-26): Radar for Fraud Teams,,,,,,,,,,,,,,,,,
txn_3SXbGlJjSRvjRTjH1Pn3lXy0,charge,ch_3SXbGlJjSRvjRTjH1pU60UGw,347.00,15.57,,,331.43,usd,2025-11-26 05:28,2025-12-01 00:00,,347.00,usd,,,,,,,,,,,,,,,
txn_3SXb22JjSRvjRTjH0gswwZR6,charge,ch_3SXb22JjSRvjRTjH07WvYHfZ,1988.94,107.70,,,1881.24,usd,2025-11-26 05:12,2025-12-01 00:00,,1717.00,eur,,,,,,,,,,,,,,,
txn_1SX71iJjSRvjRTjHzfMIeDqO,payout,po_1SX71iJjSRvjRTjHMr9shub9,-4576.91,0.00,,,-4576.91,usd,2025-11-24 21:10,2025-11-24 21:10,"",,,,,,,,,,,,,,,,,
txn_1SW8qWJjSRvjRTjHqkPBLkaK,stripe_fee,,-9.60,0.73,,,-10.33,usd,2025-11-22 04:54,2025-11-22 04:54,Revenue recognition (2025-11-20): Standalone charges,,,,,,,,,,,,,,,,,
txn_1SVtLRJjSRvjRTjHaeJWjKTs,payout,po_1SVtLRJjSRvjRTjHoyMTdtKt,-3433.51,0.00,,,-3433.51,usd,2025-11-21 12:21,2025-11-21 12:21,"",,,,,,,,,,,,,,,,,
txn_1SVqK8JjSRvjRTjHaOtLnlLq,stripe_fee,,-0.04,0.00,,,-0.04,usd,2025-11-21 09:08,2025-11-21 09:08,Radar (2025-11-20): Radar for Fraud Teams,,,,,,,,,,,,,,,,,
txn_3SVgofJjSRvjRTjH10dkNgtj,charge,ch_3SVgofJjSRvjRTjH1A3gQoQm,4460.00,196.54,,,4263.46,usd,2025-11-20 22:59,2025-11-24 00:00,,4460.00,usd,,,,,,,,,,,,,,,
txn_3SVbqBJjSRvjRTjH0LN64MLb,charge,ch_3SVbqBJjSRvjRTjH09s50Rpl,339.00,15.22,,,323.78,usd,2025-11-20 17:40,2025-11-24 00:00,,339.00,usd,,,,,,,,,,,,,,,
txn_1SV2oIJjSRvjRTjH2GYHEOXU,stripe_fee,,-7.20,0.55,,,-7.75,usd,2025-11-19 04:16,2025-11-19 04:16,Revenue recognition (2025-11-17): Standalone charges,,,,,,,,,,,,,,,,,
txn_1SUoqzJjSRvjRTjH4r8730uJ,payout,po_1SUoqzJjSRvjRTjHL2KtY2Hs,-5399.09,0.00,,,-5399.09,usd,2025-11-18 13:21,2025-11-18 13:21,"",,,,,,,,,,,,,,,,,
txn_1SUjudJjSRvjRTjHnIwA37OM,stripe_fee,,-0.02,0.00,,,-0.02,usd,2025-11-18 08:05,2025-11-18 08:05,Radar (2025-11-17): Radar for Fraud Teams,,,,,,,,,,,,,,,,,
txn_3SUZMhJjSRvjRTjH1Ys2xCqR,charge,ch_3SUZMhJjSRvjRTjH1HtX6wSn,3600.00,158.70,,,3441.30,usd,2025-11-17 20:49,2025-11-19 00:00,,3600.00,usd,,,,,,,,,,,,,,,
txn_1STbDDJjSRvjRTjHCrriBt8p,stripe_fee,,-1.20,0.09,,,-1.29,usd,2025-11-15 04:35,2025-11-15 04:35,Revenue recognition (2025-11-13): Standalone charges,,,,,,,,,,,,,,,,,
txn_1STIn3JjSRvjRTjHgZMJTgrk,stripe_fee,,-0.02,0.00,,,-0.02,usd,2025-11-14 08:55,2025-11-14 08:55,Radar (2025-11-13): Radar for Fraud Teams,,,,,,,,,,,,,,,,,
txn_3ST8AaJjSRvjRTjH0CcYcAVO,charge,ch_3ST8AaJjSRvjRTjH0tdpaiLh,600.00,26.70,,,573.30,usd,2025-11-13 21:35,2025-11-17 00:00,,600.00,usd,,,,,,,,,,,,,,,
txn_1SSsLIJjSRvjRTjHlPWFZFyk,stripe_fee,,-7.76,0.59,,,-8.35,usd,2025-11-13 04:41,2025-11-13 04:41,Revenue recognition (2025-11-11): Standalone charges,,,,,,,,,,,,,,,,,
txn_1SSZdrJjSRvjRTjHGYHIDxTM,stripe_fee,,-0.08,0.01,,,-0.09,usd,2025-11-12 08:43,2025-11-12 08:43,Radar (2025-11-11): Radar for Fraud Teams,,,,,,,,,,,,,,,,,
txn_1SSVdOJjSRvjRTjHdW53joyT,stripe_fee,,-2.32,0.18,,,-2.50,usd,2025-11-12 04:26,2025-11-12 04:26,Revenue recognition (2025-11-10): Standalone charges,,,,,,,,,,,,,,,,,
txn_3SSMzaJjSRvjRTjH1WFXVViz,charge,ch_3SSMzaJjSRvjRTjH1ON0g35h,1760.00,77.74,,,1682.26,usd,2025-11-11 19:12,2025-11-14 00:00,,1760.00,usd,,,,,,,,,,,,,,,
txn_3SSIGfJjSRvjRTjH0ialgpI6,charge,ch_3SSIGfJjSRvjRTjH0ZvWQtBF,1059.00,31.01,,,1027.99,usd,2025-11-11 14:10,2025-11-14 00:00,,1059.00,usd,,,,,,,,,,,,,,,
txn_3SSI0SJjSRvjRTjH0Vih6o0C,charge,ch_3SSI0SJjSRvjRTjH0JpSRPMY,1060.00,31.04,,,1028.96,usd,2025-11-11 13:53,2025-11-14 00:00,,1060.00,usd,,,,,,,,,,,,,,,
txn_1SSCsvJjSRvjRTjHJ8zBGCkk,stripe_fee,,-0.02,0.00,,,-0.02,usd,2025-11-11 08:25,2025-11-11 08:25,Radar (2025-11-10): Radar for Fraud Teams,,,,,,,,,,,,,,,,,
txn_3SRxQxJjSRvjRTjH1nSwxTuH,charge,ch_3SRxQxJjSRvjRTjH1f1cf7Wt,1161.91,63.04,,,1098.87,usd,2025-11-10 15:55,2025-11-13 00:00,,4370000.00,cop,,,,,,,,,,,,,,,
txn_1SRx2TJjSRvjRTjHJIEDe1wX,payout,po_1SRx2TJjSRvjRTjHrfEXaum5,-7071.86,0.00,,,-7071.86,usd,2025-11-10 15:29,2025-11-10 15:29,"",,,,,,,,,,,,,,,,,
txn_1SR3qCJjSRvjRTjHaKZQjoje,stripe_fee,,-9.96,0.76,,,-10.72,usd,2025-11-08 04:33,2025-11-08 04:33,Revenue recognition (2025-11-06): Standalone charges,,,,,,,,,,,,,,,,,
txn_1SQlPQJjSRvjRTjHfthHkLqt,stripe_fee,,-0.08,0.01,,,-0.09,usd,2025-11-07 08:52,2025-11-07 08:52,Radar (2025-11-06): Radar for Fraud Teams,,,,,,,,,,,,,,,,,
txn_1SQhakJjSRvjRTjH3a0g4aFf,stripe_fee,,-4.94,0.38,,,-5.32,usd,2025-11-07 04:48,2025-11-07 04:48,Revenue recognition (2025-11-05): Standalone charges,,,,,,,,,,,,,,,,,
txn_3SQU0YJjSRvjRTjH1pWJ6HQT,charge,ch_3SQU0YJjSRvjRTjH1KrRJIoQ,500.00,22.30,,,477.70,usd,2025-11-06 14:17,2025-11-10 00:00,,500.00,usd,,,,,,,,,,,,,,,
txn_3SQTaRJjSRvjRTjH1R91hxoB,charge,ch_3SQTaRJjSRvjRTjH1rhvhk4e,1325.95,71.90,,,1254.05,usd,2025-11-06 13:50,2025-11-10 00:00,,1150.00,eur,,,,,,,,,,,,,,,
txn_3SQTTVJjSRvjRTjH0jTbGI8i,charge,ch_3SQTTVJjSRvjRTjH0YnRdR4L,2651.90,143.50,,,2508.40,usd,2025-11-06 13:43,2025-11-10 00:00,,2300.00,eur,,,,,,,,,,,,,,,
txn_3SQTNFJjSRvjRTjH0tsU5I8z,charge,ch_3SQTNFJjSRvjRTjH0FDZ4dKL,500.00,14.80,,,485.20,usd,2025-11-06 13:37,2025-11-10 00:00,,500.00,usd,,,,,,,,,,,,,,,
txn_1SQSpEJjSRvjRTjHjTUN9a0L,payout,po_1SQSpEJjSRvjRTjHDrywygEA,-2963.57,0.00,,,-2963.57,usd,2025-11-06 13:02,2025-11-06 13:02,"",,,,,,,,,,,,,,,,,
txn_1SQOkEJjSRvjRTjHEdNXAseF,stripe_fee,,-0.08,0.01,,,-0.09,usd,2025-11-06 08:40,2025-11-06 08:40,Radar (2025-11-05): Radar for Fraud Teams,,,,,,,,,,,,,,,,,
txn_1SQKnOJjSRvjRTjHecDUsHLL,stripe_fee,,-2.52,0.19,,,-2.71,usd,2025-11-06 04:27,2025-11-06 04:27,Revenue recognition (2025-11-04): Standalone charges,,,,,,,,,,,,,,,,,
txn_3SQ8VsJjSRvjRTjH0yiORCyU,charge,ch_3SQ8VsJjSRvjRTjH0WSHVPYp,211.00,9.58,,,201.42,usd,2025-11-05 15:20,2025-11-07 00:00,,211.00,usd,,,,,,,,,,,,,,,
txn_1SQ25mJjSRvjRTjHO1GWNZFI,stripe_fee,,-0.08,0.01,,,-0.09,usd,2025-11-05 08:29,2025-11-05 08:29,Radar (2025-11-04): Radar for Fraud Teams,,,,,,,,,,,,,,,,,
txn_3SPyNQJjSRvjRTjH1CNeVmpA,charge,ch_3SPyNQJjSRvjRTjH1HBD2HFa,2261.00,99.78,,,2161.22,usd,2025-11-05 04:32,2025-11-07 00:00,,2261.00,usd,,,,,,,,,,,,,,,
txn_1SPy2hJjSRvjRTjHnCAVsmB7,stripe_fee,,-1.14,0.09,,,-1.23,usd,2025-11-05 04:09,2025-11-05 04:09,Revenue recognition (2025-11-03): Standalone charges,,,,,,,,,,,,,,,,,
txn_3SPrBlJjSRvjRTjH0i8jBorC,charge,ch_3SPrBlJjSRvjRTjH0OCi0hME,432.12,23.63,,,408.49,usd,2025-11-04 20:50,2025-11-06 00:00,,1667531.00,cop,,,,,,,,,,,,,,,
txn_3SPljLJjSRvjRTjH0EMiHSF4,charge,ch_3SPljLJjSRvjRTjH0xVdbvHZ,414.00,18.52,,,395.48,usd,2025-11-04 15:01,2025-11-06 00:00,,414.00,usd,,,,,,,,,,,,,,,
txn_1SPk2NJjSRvjRTjHU4OCj9xu,payout,po_1SPk2NJjSRvjRTjH3H9W5VAc,-7590.08,0.00,,,-7590.08,usd,2025-11-04 13:12,2025-11-04 13:12,"",,,,,,,,,,,,,,,,,
txn_1SPfdqJjSRvjRTjHeyqAKPln,stripe_fee,,-0.04,0.00,,,-0.04,usd,2025-11-04 08:31,2025-11-04 08:31,Radar (2025-11-03): Radar for Fraud Teams,,,,,,,,,,,,,,,,,
txn_1SPbyZJjSRvjRTjH8KltmVrx,stripe_fee,,-0.82,0.06,,,-0.88,usd,2025-11-04 04:36,2025-11-04 04:36,Revenue recognition (2025-11-02): Standalone charges,,,,,,,,,,,,,,,,,
txn_3SPb6sJjSRvjRTjH0K7IIUUB,charge,ch_3SPb6sJjSRvjRTjH0KL9wVJY,207.00,9.41,,,197.59,usd,2025-11-04 03:40,2025-11-06 00:00,,207.00,usd,,,,,,,,,,,,,,,
txn_3SPb4mJjSRvjRTjH1MruIIJ4,charge,ch_3SPb4mJjSRvjRTjH1HDGzLOV,207.00,9.41,,,197.59,usd,2025-11-04 03:38,2025-11-06 00:00,,207.00,usd,,,,,,,,,,,,,,,
txn_3SPRfJJjSRvjRTjH0fGpwvQM,charge,ch_3SPRfJJjSRvjRTjH0W6L5B2Y,245.95,13.58,,,232.37,usd,2025-11-03 17:35,2025-11-05 00:00,,948051.00,cop,,,,,,,,,,,,,,,
txn_3SPR2mJjSRvjRTjH1V89BsHI,charge,ch_3SPR2mJjSRvjRTjH17o7PSrw,323.33,17.76,,,305.57,usd,2025-11-03 16:55,2025-11-05 00:00,,5976.00,mxn,,,,,,,,,,,,,,,
txn_1SPItHJjSRvjRTjHiO7mMvsp,stripe_fee,,-0.02,0.00,,,-0.02,usd,2025-11-03 08:13,2025-11-03 08:13,Radar (2025-11-02): Radar for Fraud Teams,,,,,,,,,,,,,,,,,
txn_1SPFCqJjSRvjRTjHfBCKEW2M,stripe_fee,,-1.77,0.13,,,-1.90,usd,2025-11-03 04:17,2025-11-03 04:17,Revenue recognition (2025-11-01): Standalone charges,,,,,,,,,,,,,,,,,
txn_1SOwtZJjSRvjRTjHuzNzij4D,stripe_fee,,-0.10,0.01,,,-0.11,usd,2025-11-02 08:44,2025-11-02 08:44,Radar (2025-11-01): Radar for Fraud Teams,,,,,,,,,,,,,,,,,
txn_1SOsnXJjSRvjRTjHpNK4rOoA,stripe_fee,,-1.20,0.09,,,-1.29,usd,2025-11-02 04:21,2025-11-02 04:21,Revenue recognition (2025-10-31): Standalone charges,,,,,,,,,,,,,,,,,
txn_3SOqonJjSRvjRTjH0riaxdo8,charge,ch_3SOqonJjSRvjRTjH0cwDLA4V,412.00,18.43,,,393.57,usd,2025-11-02 02:14,2025-11-05 00:00,,412.00,usd,,,,,,,,,,,,,,,
txn_3SOjMNJjSRvjRTjH0VPQYRmU,charge,ch_3SOjMNJjSRvjRTjH0SCvLHYI,233.00,10.55,,,222.45,usd,2025-11-01 18:17,2025-11-05 00:00,Valor Total de tu reserva en USD,233.00,usd,,,,42961,Fluent Forms Pro,872,66,5638,Web checkout,,,,,,
txn_1SOaEaJjSRvjRTjHhUMegH7X,stripe_fee,,-0.02,0.00,,,-0.02,usd,2025-11-01 08:32,2025-11-01 08:32,Radar (2025-10-31): Radar for Fraud Teams,,,,,,,,,,,,,,,,,
