id,Type,Source,Amount,Fee,Net,Currency,Created (UTC),Available On (UTC),invoiceNumber (metadata),id (metadata)
txn_3TTow5CJ0ljLmnCv0YK6386o,charge,ch_3TTow5CJ0ljLmnCv0rsSXhws,10.00,0.74,9.26,usd,2026-05-05 19:47,2026-05-07 00:00,,
txn_1TTd6nCJ0ljLmnCvcoroKHzM,stripe_fee,,-0.25,0.02,-0.27,usd,2026-05-05 07:09,2026-05-05 07:09,,
txn_1TTAkGCJ0ljLmnCvmgGjqhRQ,stripe_fee,,-0.33,0.02,-0.35,usd,2026-05-04 00:52,2026-05-04 00:52,,
txn_1TTAkGCJ0ljLmnCvlyVZ71Fl,stripe_fee,,-0.09,0.01,-0.10,usd,2026-05-04 00:52,2026-05-04 00:52,,
txn_1TSopACJ0ljLmnCvBADcMiDm,stripe_fee,,-0.13,0.01,-0.14,usd,2026-05-03 01:27,2026-05-03 01:27,,
txn_3TSmPoCJ0ljLmnCv1vmcGKcm,charge,ch_3TSmPoCJ0ljLmnCv18FxBUZE,100.00,4.70,95.30,usd,2026-05-02 22:53,2026-05-06 00:00,,
txn_3TSgYbCJ0ljLmnCv1FvgF9Bo,charge,ch_3TSgYbCJ0ljLmnCv1eKgANeq,20.00,1.18,18.82,usd,2026-05-02 16:38,2026-05-06 00:00,,
txn_3TSfdcCJ0ljLmnCv1NSeCqGB,charge,ch_3TSfdcCJ0ljLmnCv1gI8LSG2,35.00,1.32,33.68,usd,2026-05-02 15:39,2026-05-06 00:00,,
txn_3TSfDYCJ0ljLmnCv0NMW8ijc,charge,ch_3TSfDYCJ0ljLmnCv0hFGaXOZ,10.00,0.74,9.26,usd,2026-05-02 15:12,2026-05-06 00:00,,
txn_3TSOfdCJ0ljLmnCv195pUEcb,charge,ch_3TSOfdCJ0ljLmnCv1gcMFv2H,50.00,2.50,47.50,usd,2026-05-01 21:32,2026-05-05 00:00,,
txn_1TS5fgCJ0ljLmnCv5gOwnSJG,stripe_fee,,-0.03,0.00,-0.03,usd,2026-05-01 01:15,2026-05-01 01:15,,
txn_3TRNckCJ0ljLmnCv1vZvv5Lh,charge,ch_3TRNckCJ0ljLmnCv1Yq5kYec,10.00,0.74,9.26,usd,2026-04-29 02:13,2026-05-01 00:00,,
txn_1TRN0uCJ0ljLmnCvKtKL6HDf,stripe_fee,,-0.13,0.01,-0.14,usd,2026-04-29 01:34,2026-04-29 01:34,,
txn_3TQsAmCJ0ljLmnCv0sIFY5ye,charge,ch_3TQsAmCJ0ljLmnCv0ZDzu3co,50.00,2.50,47.50,usd,2026-04-27 16:38,2026-04-29 00:00,,
txn_1TPy2BCJ0ljLmnCvGo8xkoNM,stripe_fee,,-0.05,0.00,-0.05,usd,2026-04-25 04:41,2026-04-25 04:41,,
txn_3TPQEbCJ0ljLmnCv1SbwJ99K,charge,ch_3TPQEbCJ0ljLmnCv12xCpmRo,10.00,0.74,9.26,usd,2026-04-23 16:36,2026-04-27 00:00,,
txn_3TPQDuCJ0ljLmnCv0M25536i,charge,ch_3TPQDuCJ0ljLmnCv03MgJxUb,10.00,0.74,9.26,usd,2026-04-23 16:35,2026-04-27 00:00,,
txn_1TPBLDCJ0ljLmnCvtfd7Kqdj,stripe_fee,,-0.05,0.00,-0.05,usd,2026-04-23 00:42,2026-04-23 00:42,,
txn_1TOfx3CJ0ljLmnCv2eCT3vfl,payout,po_1TOfx3CJ0ljLmnCvbv7v5otK,-800.00,0.00,-800.00,usd,2026-04-21 15:11,2026-04-21 15:11,,
txn_3TOVjXCJ0ljLmnCv1b1yW40t,charge,ch_3TOVjXCJ0ljLmnCv1OgRPUtF,20.00,1.18,18.82,usd,2026-04-21 04:16,2026-04-23 00:00,,
txn_1TOSB9CJ0ljLmnCv1D5qYDpz,stripe_fee,,-0.05,0.00,-0.05,usd,2026-04-21 00:28,2026-04-21 00:28,,
txn_1TO5TtCJ0ljLmnCvLxnknAT5,stripe_fee,,-0.03,0.00,-0.03,usd,2026-04-20 00:14,2026-04-20 00:14,,
txn_3TNwYvCJ0ljLmnCv0HLHJNT3,charge,ch_3TNwYvCJ0ljLmnCv0eSe8xVi,20.00,1.18,18.82,usd,2026-04-19 14:43,2026-04-22 00:00,,
txn_1TNj0YCJ0ljLmnCv4CYROH7w,stripe_fee,,-0.13,0.01,-0.14,usd,2026-04-19 00:14,2026-04-19 00:14,,
txn_3TNhYHCJ0ljLmnCv0haawy1m,charge,ch_3TNhYHCJ0ljLmnCv0SDA6RQn,10.00,0.74,9.26,usd,2026-04-18 22:41,2026-04-22 00:00,,
txn_1TNMUgCJ0ljLmnCve6pnMZGH,stripe_fee,,-0.05,0.00,-0.05,usd,2026-04-18 00:12,2026-04-18 00:12,,
txn_3TN4eXCJ0ljLmnCv1xDKTzyQ,charge,ch_3TN4eXCJ0ljLmnCv1ykrEJRl,50.00,2.50,47.50,usd,2026-04-17 05:09,2026-04-21 00:00,,
txn_3TMq16CJ0ljLmnCv1Wj8gL5B,charge,ch_3TMq16CJ0ljLmnCv12jGTqxO,20.00,0.88,19.12,usd,2026-04-16 13:31,2026-04-20 00:00,,
txn_1TMH4WCJ0ljLmnCvHA4UVWKi,stripe_fee,,-0.35,0.03,-0.38,usd,2026-04-15 00:12,2026-04-15 00:12,,
txn_3TLrUvCJ0ljLmnCv1hChwMPy,charge,ch_3TLrUvCJ0ljLmnCv1X1rV5Ek,100.00,4.70,95.30,usd,2026-04-13 20:54,2026-04-15 00:00,,
txn_3TLqROCJ0ljLmnCv12aNKeiE,charge,ch_3TLqROCJ0ljLmnCv1yAEJ3a8,20.00,1.18,18.82,usd,2026-04-13 19:46,2026-04-15 00:00,,
txn_3TLoNLCJ0ljLmnCv1B6WExiS,charge,ch_3TLoNLCJ0ljLmnCv1C1JBKxi,20.00,1.18,18.82,usd,2026-04-13 17:34,2026-04-15 00:00,,
txn_1TKrwGCJ0ljLmnCvLlB7q8BC,stripe_fee,,-0.05,0.00,-0.05,usd,2026-04-11 03:10,2026-04-11 03:10,,
txn_1TJkpwCJ0ljLmnCvIYy11LOc,stripe_fee,,-0.03,0.00,-0.03,usd,2026-04-08 01:23,2026-04-08 01:23,,
txn_3TJdjRCJ0ljLmnCv0q708QB8,charge,ch_3TJdjRCJ0ljLmnCv048LA4Z9,20.00,1.18,18.82,usd,2026-04-07 17:48,2026-04-09 00:00,,
txn_3TJLgmCJ0ljLmnCv0goOKkZg,charge,ch_3TJLgmCJ0ljLmnCv0BVTfmqf,10.00,0.74,9.26,usd,2026-04-06 22:32,2026-04-08 00:00,,
txn_1TIHqWCJ0ljLmnCvvJ4OtQ1R,stripe_fee,,-0.09,0.01,-0.10,usd,2026-04-04 00:13,2026-04-04 00:13,,
txn_1THwz2CJ0ljLmnCvHMz1VWAm,stripe_fee,,-0.25,0.02,-0.27,usd,2026-04-03 01:57,2026-04-03 01:57,,
txn_1THvh6CJ0ljLmnCvkQTvgTKy,stripe_fee,,-0.25,0.02,-0.27,usd,2026-04-03 00:34,2026-04-03 00:34,,
txn_3THnM7CJ0ljLmnCv1ZXAwtLP,charge,ch_3THnM7CJ0ljLmnCv1HYXRukv,35.00,1.32,33.68,usd,2026-04-02 15:40,2026-04-06 00:00,,
txn_1THbTbCJ0ljLmnCv3Y13YTRg,adjustment,du_1THbRaCJ0ljLmnCvzRyrmrzp,-10.00,15.00,-25.00,usd,2026-04-02 02:59,2026-04-02 02:59,,
txn_3THOd2CJ0ljLmnCv0VaxPYGb,charge,ch_3THOd2CJ0ljLmnCv0IRPk4Fp,100.00,4.70,95.30,usd,2026-04-01 13:16,2026-04-03 00:00,,
txn_1THDPrCJ0ljLmnCvsyRSfw2t,stripe_fee,,-0.13,0.01,-0.14,usd,2026-04-01 01:17,2026-04-01 01:17,,
txn_3TGWZiCJ0ljLmnCv0xozTdvJ,charge,ch_3TGWZiCJ0ljLmnCv098KeAmR,50.00,2.50,47.50,usd,2026-03-30 03:33,2026-04-01 00:00,,
txn_1TFz84CJ0ljLmnCvBxcJuAtq,payout,po_1TFz83CJ0ljLmnCvO7c2BmqJ,-400.00,0.00,-400.00,usd,2026-03-28 15:50,2026-03-28 15:50,,
txn_1TFOBbCJ0ljLmnCvGcny2hVT,stripe_fee,,-0.13,0.01,-0.14,usd,2026-03-27 00:23,2026-03-27 00:23,,
txn_1TF1jJCJ0ljLmnCvPp3c8Y5f,stripe_fee,,-0.13,0.01,-0.14,usd,2026-03-26 00:24,2026-03-26 00:24,,
txn_3TEv8jCJ0ljLmnCv0Kes65MM,charge,ch_3TEv8jCJ0ljLmnCv06bG6kYP,50.00,2.50,47.50,usd,2026-03-25 17:22,2026-03-27 00:00,,
txn_1TEeyaCJ0ljLmnCv2cOvrRl9,stripe_fee,,-0.18,0.01,-0.19,usd,2026-03-25 00:07,2026-03-25 00:07,,
txn_3TELcBCJ0ljLmnCv0aVQnazi,charge,ch_3TELcBCJ0ljLmnCv0LP3Wteq,50.00,2.50,47.50,usd,2026-03-24 03:26,2026-03-26 00:00,,
txn_3TEBVfCJ0ljLmnCv0OaRVvJl,charge,ch_3TEBVfCJ0ljLmnCv0OTbIvPZ,20.00,0.88,19.12,usd,2026-03-23 16:39,2026-03-25 00:00,,
txn_3TEAFhCJ0ljLmnCv0D5JZL89,charge,ch_3TEAFhCJ0ljLmnCv0xMSF7fg,50.00,2.50,47.50,usd,2026-03-23 15:18,2026-03-25 00:00,,
txn_1TDDUPCJ0ljLmnCvXuCwJL2x,stripe_fee,,-0.13,0.01,-0.14,usd,2026-03-21 00:34,2026-03-21 00:34,,
txn_3TCl2NCJ0ljLmnCv1e8Fjv5r,charge,ch_3TCl2NCJ0ljLmnCv1kaNXDsi,50.00,2.50,47.50,usd,2026-03-19 18:11,2026-03-23 00:00,,
txn_1TC7qzCJ0ljLmnCv4z2Ig7fR,stripe_fee,,-0.40,0.03,-0.43,usd,2026-03-18 00:20,2026-03-18 00:20,,
txn_3TBjAvCJ0ljLmnCv1hpu7irG,charge,ch_3TBjAvCJ0ljLmnCv1Uwa0bb7,100.00,4.70,95.30,usd,2026-03-16 21:59,2026-03-18 00:00,,
txn_3TBho9CJ0ljLmnCv192nsbXU,charge,ch_3TBho9CJ0ljLmnCv19rwBEVW,10.00,0.74,9.26,usd,2026-03-16 20:32,2026-03-18 00:00,,
txn_3TBT3GCJ0ljLmnCv0zOfx4hJ,charge,ch_3TBT3GCJ0ljLmnCv0askspNR,50.00,2.50,47.50,usd,2026-03-16 04:46,2026-03-18 00:00,,
txn_1TB2GDCJ0ljLmnCvQExXle3u,stripe_fee,,-0.05,0.00,-0.05,usd,2026-03-15 00:10,2026-03-15 00:10,,
txn_3TAf9dCJ0ljLmnCv1KhSpWjW,charge,ch_3TAf9dCJ0ljLmnCv1yVXKK2P,20.00,1.18,18.82,usd,2026-03-13 23:30,2026-03-17 00:00,,
txn_1TAJVuCJ0ljLmnCvIeofWQSM,stripe_fee,,-0.13,0.01,-0.14,usd,2026-03-13 00:23,2026-03-13 00:23,,
txn_3T9dL0CJ0ljLmnCv0x6FmXQp,charge,ch_3T9dL0CJ0ljLmnCv0judgNJH,50.00,2.50,47.50,usd,2026-03-11 03:21,2026-03-13 00:00,,
txn_1T8V8LCJ0ljLmnCvbgsROpSE,stripe_fee,,-0.13,0.01,-0.14,usd,2026-03-08 00:23,2026-03-08 00:23,,
txn_1T88fFCJ0ljLmnCvMAZMHvRl,stripe_fee,,-0.25,0.02,-0.27,usd,2026-03-07 00:24,2026-03-07 00:24,,
txn_3T80aQCJ0ljLmnCv0TIEFxaa,charge,ch_3T80aQCJ0ljLmnCv09kMFtkA,50.00,2.50,47.50,usd,2026-03-06 15:46,2026-03-10 00:00,,
txn_1T7m2ACJ0ljLmnCvPATpzTyT,stripe_fee,,-0.25,0.02,-0.27,usd,2026-03-06 00:14,2026-03-06 00:14,,
txn_3T7jPiCJ0ljLmnCv1BFWj5VO,charge,ch_3T7jPiCJ0ljLmnCv1FAh2D84,100.00,4.70,95.30,usd,2026-03-05 21:26,2026-03-09 00:00,,
txn_1T73MHCJ0ljLmnCvSSwyf7Bb,stripe_fee,,-0.09,0.01,-0.10,usd,2026-03-04 00:32,2026-03-04 00:32,,
txn_1T73MHCJ0ljLmnCvrPypEvlc,stripe_fee,,-0.05,0.00,-0.05,usd,2026-03-04 00:32,2026-03-04 00:32,,
txn_3T72xOCJ0ljLmnCv0fVUP7B9,charge,ch_3T72xOCJ0ljLmnCv07IJEkhP,100.00,4.70,95.30,usd,2026-03-04 00:06,2026-03-06 00:00,,
txn_1T6hqDCJ0ljLmnCvUICOEdEN,stripe_fee,,-0.25,0.02,-0.27,usd,2026-03-03 01:33,2026-03-03 01:33,,
txn_1T6d6KCJ0ljLmnCv2yMZGmEw,payout,po_1T6d6JCJ0ljLmnCvujQCLUUu,-700.00,0.00,-700.00,usd,2026-03-02 20:29,2026-03-02 20:29,,
txn_3T6ZvgCJ0ljLmnCv0xWB15Uf,charge,ch_3T6ZvgCJ0ljLmnCv08RVbo9A,20.00,1.18,18.82,usd,2026-03-02 17:06,2026-03-04 00:00,,
txn_3T6YaUCJ0ljLmnCv1C16Z1Cn,charge,ch_3T6YaUCJ0ljLmnCv1Y8zdBMT,35.00,1.32,33.68,usd,2026-03-02 15:40,2026-03-04 00:00,,
txn_1T6K6YCJ0ljLmnCvgzWcyt2M,stripe_fee,,-0.13,0.01,-0.14,usd,2026-03-02 00:12,2026-03-02 00:12,,
txn_1T5xbGCJ0ljLmnCv7jXH9ZjQ,stripe_fee,,-0.03,0.00,-0.03,usd,2026-03-01 00:11,2026-03-01 00:11,,
txn_3T5rJqCJ0ljLmnCv0Uik6alT,charge,ch_3T5rJqCJ0ljLmnCv0dcBZDbI,50.00,2.50,47.50,usd,2026-02-28 17:28,2026-03-04 00:00,,
txn_1T5bRWCJ0ljLmnCv476v62AR,stripe_fee,,-0.05,0.00,-0.05,usd,2026-02-28 00:31,2026-02-28 00:31,,
txn_3T5HhACJ0ljLmnCv1jKQ1chA,charge,ch_3T5HhACJ0ljLmnCv151jV9ka,10.00,0.74,9.26,usd,2026-02-27 03:26,2026-03-03 00:00,,
txn_3T5BqmCJ0ljLmnCv1CrR0Ddq,charge,ch_3T5BqmCJ0ljLmnCv1A265pZy,20.00,0.88,19.12,usd,2026-02-26 21:12,2026-03-02 00:00,,
txn_1T508HCJ0ljLmnCvdli8uvf5,stripe_fee,,-0.25,0.02,-0.27,usd,2026-02-26 08:41,2026-02-26 08:41,,
txn_1T4VrlCJ0ljLmnCvTqeVLboH,stripe_fee,,-0.25,0.02,-0.27,usd,2026-02-25 00:22,2026-02-25 00:22,,
txn_3T4OFSCJ0ljLmnCv0PAChthS,charge,ch_3T4OFSCJ0ljLmnCv0fhJC6gF,100.00,4.70,95.30,usd,2026-02-24 16:14,2026-02-26 00:00,,
txn_3T42ieCJ0ljLmnCv1s03Hphb,charge,ch_3T42ieCJ0ljLmnCv16fsnahp,100.00,4.70,95.30,usd,2026-02-23 17:14,2026-02-25 00:00,,
txn_1T2po3CJ0ljLmnCviQTX6JIB,stripe_fee,,-0.13,0.01,-0.14,usd,2026-02-20 09:15,2026-02-20 09:15,,
txn_1T2bmuCJ0ljLmnCvT0Dwjj2n,payout,po_1T2bmuCJ0ljLmnCv4dHjW74D,-1000.00,0.00,-1000.00,usd,2026-02-19 18:17,2026-02-19 18:17,,
txn_3T2IThCJ0ljLmnCv1IWY9MLX,charge,ch_3T2IThCJ0ljLmnCv1oECDiVm,50.00,2.50,47.50,usd,2026-02-18 21:40,2026-02-20 00:00,,
txn_1T1bm1CJ0ljLmnCv7t9TiYPv,stripe_fee,,-0.13,0.01,-0.14,usd,2026-02-17 00:04,2026-02-17 00:04,,
txn_3T13cfCJ0ljLmnCv0J8Q91mJ,charge,ch_3T13cfCJ0ljLmnCv0YCo2SEt,50.00,2.50,47.50,usd,2026-02-15 11:36,2026-02-19 00:00,,
txn_1T0WdyCJ0ljLmnCvNbWcohWn,stripe_fee,,-0.38,0.03,-0.41,usd,2026-02-14 00:23,2026-02-14 00:23,,
txn_3T08fwCJ0ljLmnCv0vClPWDA,charge,ch_3T08fwCJ0ljLmnCv03RuRfTC,50.00,2.50,47.50,usd,2026-02-12 22:47,2026-02-17 00:00,,
txn_3T02m4CJ0ljLmnCv0L0SC1AC,charge,ch_3T02m4CJ0ljLmnCv0wHeaH40,100.00,4.70,95.30,usd,2026-02-12 16:29,2026-02-17 00:00,,
txn_1SzqikCJ0ljLmnCvvlPpeAXN,stripe_fee,,-0.25,0.02,-0.27,usd,2026-02-12 03:37,2026-02-12 03:37,,
txn_3SzGbaCJ0ljLmnCv14G6Tylg,charge,ch_3SzGbaCJ0ljLmnCv1sDS8l6j,100.00,4.70,95.30,usd,2026-02-10 13:03,2026-02-12 00:00,,
txn_1Sz7bvCJ0ljLmnCvaHJKcbhK,stripe_fee,,-0.25,0.02,-0.27,usd,2026-02-10 03:27,2026-02-10 03:27,,
txn_1SywiLCJ0ljLmnCvfmP218vi,network_cost,,0.00,-0.15,0.15,usd,2026-02-09 15:49,2026-02-09 15:49,,
txn_3SyeZWCJ0ljLmnCv0415CApX,charge,ch_3SyeZWCJ0ljLmnCv0orhY1St,100.00,4.70,95.30,usd,2026-02-08 20:27,2026-02-11 00:00,,
txn_1SyOaKCJ0ljLmnCvlqQ98EaM,stripe_fee,,-0.05,0.00,-0.05,usd,2026-02-08 03:22,2026-02-08 03:22,,
txn_3SxvxuCJ0ljLmnCv1hl3PQEL,charge,ch_3SxvxuCJ0ljLmnCv1nXWacwN,20.00,0.88,19.12,usd,2026-02-06 20:49,2026-02-10 00:00,,
txn_1Swx9NCJ0ljLmnCvyOaaMH38,stripe_fee,,-0.09,0.01,-0.10,usd,2026-02-04 03:53,2026-02-04 03:53,,
txn_1Swx9NCJ0ljLmnCv8BziqfuU,stripe_fee,,-0.30,0.02,-0.32,usd,2026-02-04 03:53,2026-02-04 03:53,,
txn_1SwbdxCJ0ljLmnCvNLNKttlb,stripe_fee,,-0.25,0.02,-0.27,usd,2026-02-03 04:55,2026-02-03 04:55,,
txn_3SwVzWCJ0ljLmnCv0obCkasC,charge,ch_3SwVzWCJ0ljLmnCv0oP92R6o,20.00,0.88,19.12,usd,2026-02-02 22:53,2026-02-04 00:00,,
txn_3SwPEaCJ0ljLmnCv1tMZ4ibt,charge,ch_3SwPEaCJ0ljLmnCv1NNpXo4W,35.00,1.32,33.68,usd,2026-02-02 15:40,2026-02-04 00:00,,
txn_3SwO7OCJ0ljLmnCv0abFixce,charge,ch_3SwO7OCJ0ljLmnCv01qNW1z8,100.00,4.70,95.30,usd,2026-02-02 14:28,2026-02-04 00:00,,
txn_1SwDeTCJ0ljLmnCvgabew9xp,stripe_fee,,-0.13,0.01,-0.14,usd,2026-02-02 03:18,2026-02-02 03:18,,
txn_1Svr4qCJ0ljLmnCvBHk6fVGs,stripe_fee,,-0.38,0.03,-0.41,usd,2026-02-01 03:11,2026-02-01 03:11,,
txn_3SvS46CJ0ljLmnCv15xQGTLz,charge,ch_3SvS46CJ0ljLmnCv1bUHFLEW,50.00,2.50,47.50,usd,2026-01-31 00:29,2026-02-04 00:00,,
txn_3SvNfMCJ0ljLmnCv1LdzlEWk,charge,ch_3SvNfMCJ0ljLmnCv1HZaeFIl,50.00,2.50,47.50,usd,2026-01-30 19:47,2026-02-03 00:00,,
txn_3Sv6oNCJ0ljLmnCv1H7xQ9ip,charge,ch_3Sv6oNCJ0ljLmnCv1KQZ3FHn,100.00,4.70,95.30,usd,2026-01-30 01:47,2026-02-03 00:00,,
txn_1StrANCJ0ljLmnCvgXkt4CKU,payout,po_1StrAMCJ0ljLmnCvhC2Q8Gpd,-375.00,0.00,-375.00,usd,2026-01-26 14:53,2026-01-26 14:53,,
txn_1StBGZCJ0ljLmnCvxvFgwj22,payout,po_1StBGZCJ0ljLmnCvsxFdeCbf,-1500.00,0.00,-1500.00,usd,2026-01-24 18:08,2026-01-24 18:08,,
txn_1Ssj64CJ0ljLmnCvHSyAnDg4,stripe_fee,,-0.50,0.04,-0.54,usd,2026-01-23 12:04,2026-01-23 12:04,,
txn_1SsEEECJ0ljLmnCvL15sFjQB,stripe_fee,,-0.13,0.01,-0.14,usd,2026-01-22 03:06,2026-01-22 03:06,,
txn_3Ss51OCJ0ljLmnCv1sIsVJTI,charge,ch_3Ss51OCJ0ljLmnCv1dRMl022,100.00,4.70,95.30,usd,2026-01-21 17:16,2026-01-23 00:00,,
txn_3Ss42WCJ0ljLmnCv1Z2apAsg,charge,ch_3Ss42WCJ0ljLmnCv1qEZm4bn,100.00,4.70,95.30,usd,2026-01-21 16:13,2026-01-23 00:00,,
txn_3SriLLCJ0ljLmnCv050rGEp8,charge,ch_3SriLLCJ0ljLmnCv0XWDxYKx,50.00,2.50,47.50,usd,2026-01-20 17:03,2026-01-22 00:00,,
txn_1SqQFUCJ0ljLmnCvvFB8clQs,stripe_fee,,-0.13,0.01,-0.14,usd,2026-01-17 03:32,2026-01-17 03:32,,
txn_3Sph82CJ0ljLmnCv1F3Rl496,charge,ch_3Sph82CJ0ljLmnCv1ImL7xus,50.00,2.50,47.50,usd,2026-01-15 03:21,2026-01-20 00:00,,
txn_1SoxpVCJ0ljLmnCv5Rrk0nzU,stripe_fee,,-0.25,0.02,-0.27,usd,2026-01-13 02:59,2026-01-13 02:59,,
txn_1SobZBCJ0ljLmnCv381KxlWN,stripe_fee,,-0.25,0.02,-0.27,usd,2026-01-12 03:13,2026-01-12 03:13,,
txn_3SoTeDCJ0ljLmnCv0yWloH68,charge,ch_3SoTeDCJ0ljLmnCv0w9PjBAN,100.00,4.70,95.30,usd,2026-01-11 18:45,2026-01-14 00:00,,
txn_1SoEdRCJ0ljLmnCvOXDqlajs,stripe_fee,,-0.13,0.01,-0.14,usd,2026-01-11 02:44,2026-01-11 02:44,,
txn_3So6SkCJ0ljLmnCv0rIyjYGv,charge,ch_3So6SkCJ0ljLmnCv0OLIiEBx,100.00,4.70,95.30,usd,2026-01-10 18:00,2026-01-14 00:00,,
txn_1SnsPKCJ0ljLmnCvHB9Zgxif,stripe_fee,,-0.13,0.01,-0.14,usd,2026-01-10 03:00,2026-01-10 03:00,,
txn_3SngaVCJ0ljLmnCv1MUkmrPz,charge,ch_3SngaVCJ0ljLmnCv1K8wulcU,50.00,2.50,47.50,usd,2026-01-09 14:22,2026-01-13 00:00,,
txn_1SnW24CJ0ljLmnCvHFbfbXJQ,stripe_fee,,-0.25,0.02,-0.27,usd,2026-01-09 03:06,2026-01-09 03:06,,
txn_3Sn8GgCJ0ljLmnCv1lg1VeHc,charge,ch_3Sn8GgCJ0ljLmnCv1XlMNJ9d,50.00,2.50,47.50,usd,2026-01-08 01:44,2026-01-12 00:00,,
txn_3Smo8eCJ0ljLmnCv1qiPJsmg,charge,ch_3Smo8eCJ0ljLmnCv1YhGbAaJ,100.00,4.70,95.30,usd,2026-01-07 04:14,2026-01-09 00:00,,
txn_1SmTRYCJ0ljLmnCvTCDih1BO,stripe_fee,,-0.05,0.00,-0.05,usd,2026-01-06 06:08,2026-01-06 06:08,,
txn_1Sm3q5CJ0ljLmnCvplsznNZI,stripe_fee,,-0.13,0.01,-0.14,usd,2026-01-05 02:48,2026-01-05 02:48,,
txn_3Slzc1CJ0ljLmnCv0sVCQ2jR,charge,ch_3Slzc1CJ0ljLmnCv0aGkqs87,20.00,0.88,19.12,usd,2026-01-04 22:17,2026-01-07 00:00,,
txn_1SlhE2CJ0ljLmnCvXREk7XuI,stripe_fee,,-0.09,0.01,-0.10,usd,2026-01-04 02:39,2026-01-04 02:39,,
txn_3SlbzNCJ0ljLmnCv0uXIcQ0P,charge,ch_3SlbzNCJ0ljLmnCv0QImaN6U,50.00,2.50,47.50,usd,2026-01-03 21:04,2026-01-07 00:00,,
txn_1SlM41CJ0ljLmnCvneMPGi8P,stripe_fee,,-0.25,0.02,-0.27,usd,2026-01-03 04:03,2026-01-03 04:03,,
txn_1SlKuICJ0ljLmnCvLAbQhDY5,stripe_fee,,-0.13,0.01,-0.14,usd,2026-01-03 02:49,2026-01-03 02:49,,
txn_3SlASECJ0ljLmnCv1rA2dwqu,charge,ch_3SlASECJ0ljLmnCv12S2wpWJ,35.00,1.32,33.68,usd,2026-01-02 15:39,2026-01-06 00:00,,
txn_1SkyMtCJ0ljLmnCvgF6BdZbB,stripe_fee,,-0.05,0.00,-0.05,usd,2026-01-02 02:45,2026-01-02 02:45,,
txn_3SkcnICJ0ljLmnCv1RMnj8Zl,charge,ch_3SkcnICJ0ljLmnCv1S3JnjZZ,50.00,2.50,47.50,usd,2026-01-01 03:43,2026-01-06 00:00,,
txn_3SkWKICJ0ljLmnCv133ztR6i,charge,ch_3SkWKICJ0ljLmnCv1LoIpxae,20.00,1.18,18.82,usd,2025-12-31 20:49,2026-01-05 00:00,,
txn_1SkFV6CJ0ljLmnCvAf3LdbyS,stripe_fee,,-0.38,0.03,-0.41,usd,2025-12-31 02:51,2025-12-31 02:51,,
txn_1SjslHCJ0ljLmnCvhZmvGmHO,stripe_fee,,-0.18,0.01,-0.19,usd,2025-12-30 02:34,2025-12-30 02:34,,
txn_3Sjj57CJ0ljLmnCv0couRsfx,charge,ch_3Sjj57CJ0ljLmnCv0PabF2Dw,100.00,4.70,95.30,usd,2025-12-29 16:14,2025-12-31 00:00,,
txn_3Sjc0ACJ0ljLmnCv18eYWjrT,charge,ch_3Sjc0ACJ0ljLmnCv1MioDPXh,50.00,2.50,47.50,usd,2025-12-29 08:40,2025-12-31 00:00,,
txn_3SjTPnCJ0ljLmnCv0pJDlTrP,charge,ch_3SjTPnCJ0ljLmnCv02BQH63Y,50.00,2.50,47.50,usd,2025-12-28 23:30,2025-12-31 00:00,,
txn_3SjOAQCJ0ljLmnCv1AkoOnez,charge,ch_3SjOAQCJ0ljLmnCv1W50ouuS,20.00,1.18,18.82,usd,2025-12-28 17:54,2025-12-31 00:00,,
txn_1SinS2CJ0ljLmnCvgXVfgxCK,stripe_fee,,-0.13,0.01,-0.14,usd,2025-12-27 02:41,2025-12-27 02:41,,
txn_1SiQgfCJ0ljLmnCvppHz73Se,stripe_fee,,-0.13,0.01,-0.14,usd,2025-12-26 02:23,2025-12-26 02:23,,
txn_3Si2LyCJ0ljLmnCv1afoCKby,charge,ch_3Si2LyCJ0ljLmnCv1i73oAVA,50.00,2.50,47.50,usd,2025-12-25 00:24,2025-12-30 00:00,,
txn_3ShujyCJ0ljLmnCv1ZsA8FOa,charge,ch_3ShujyCJ0ljLmnCv1CcoaahW,50.00,2.50,47.50,usd,2025-12-24 16:16,2025-12-29 00:00,,
txn_1ShhuNCJ0ljLmnCv5pSYDhyv,stripe_fee,,-0.25,0.02,-0.27,usd,2025-12-24 02:34,2025-12-24 02:34,,
txn_3Sh96ACJ0ljLmnCv1pKsBHW4,charge,ch_3Sh96ACJ0ljLmnCv1DGDmREI,100.00,4.70,95.30,usd,2025-12-22 13:24,2025-12-24 00:00,,
txn_1SfCtQCJ0ljLmnCvr4jHF9OG,stripe_fee,,-0.05,0.00,-0.05,usd,2025-12-17 05:03,2025-12-17 05:03,,
txn_1SfCtQCJ0ljLmnCvPCfpYO4t,stripe_fee,,-0.13,0.01,-0.14,usd,2025-12-17 05:03,2025-12-17 05:03,,
txn_1SerIOCJ0ljLmnCvNNx0kaqn,stripe_fee,,-0.37,0.03,-0.40,usd,2025-12-16 05:59,2025-12-16 05:59,,
txn_3SedzcCJ0ljLmnCv1WPTawzz,charge,ch_3SedzcCJ0ljLmnCv1iQ1q569,20.00,0.88,19.12,usd,2025-12-15 15:47,2025-12-17 00:00,,
txn_3Sebt3CJ0ljLmnCv1UjW438e,charge,ch_3Sebt3CJ0ljLmnCv1PSDXEVe,52.67,3.15,49.52,usd,2025-12-15 13:32,2025-12-17 00:00,,
txn_1SeTGkCJ0ljLmnCvIGN1ZggT,stripe_fee,,-0.13,0.01,-0.14,usd,2025-12-15 04:20,2025-12-15 04:20,,
txn_1Sdy2KCJ0ljLmnCvFD1bTxRQ,payout,po_1Sdy2KCJ0ljLmnCvX9r5p43M,-480.00,0.00,-480.00,usd,2025-12-13 18:59,2025-12-13 18:59,,
txn_3SdvUaCJ0ljLmnCv0Uq02UPW,charge,ch_3SdvUaCJ0ljLmnCv06Cvb1kX,50.00,2.50,47.50,usd,2025-12-13 16:16,2025-12-17 00:00,,
txn_1SdkeOCJ0ljLmnCvFL0Yn5cY,stripe_fee,,-0.25,0.02,-0.27,usd,2025-12-13 04:41,2025-12-13 04:41,,
txn_1SdOTVCJ0ljLmnCvxH5PZqXf,stripe_fee,,-0.05,0.00,-0.05,usd,2025-12-12 05:01,2025-12-12 05:01,,
txn_3SdC5hCJ0ljLmnCv0qs3mrt1,charge,ch_3SdC5hCJ0ljLmnCv0BVDJzgX,100.00,4.70,95.30,usd,2025-12-11 15:47,2025-12-15 00:00,,
txn_3ScvecCJ0ljLmnCv07lq8Ihq,charge,ch_3ScvecCJ0ljLmnCv0ufIpjgM,20.00,1.18,18.82,usd,2025-12-10 22:14,2025-12-12 00:00,,
txn_1ScfTKCJ0ljLmnCvGolrbIFI,stripe_fee,,-0.13,0.01,-0.14,usd,2025-12-10 04:57,2025-12-10 04:57,,
txn_3Sc8YfCJ0ljLmnCv045Rg5oC,charge,ch_3Sc8YfCJ0ljLmnCv0RmbeyIG,50.00,2.50,47.50,usd,2025-12-08 17:49,2025-12-10 00:00,,
txn_1SbDPoCJ0ljLmnCvfHXBZP8M,stripe_fee,,-0.05,0.00,-0.05,usd,2025-12-06 04:48,2025-12-06 04:48,,
txn_1SarAXCJ0ljLmnCvv4DnXTt6,stripe_fee,,-0.08,0.01,-0.09,usd,2025-12-05 05:03,2025-12-05 05:03,,
txn_3Sajp7CJ0ljLmnCv1IR25lF8,charge,ch_3Sajp7CJ0ljLmnCv1AM6EvBQ,20.00,1.18,18.82,usd,2025-12-04 21:12,2025-12-08 00:00,,
txn_1SaUlECJ0ljLmnCvY6SfOkZN,stripe_fee,,-0.09,0.01,-0.10,usd,2025-12-04 05:07,2025-12-04 05:07,,
txn_1SaUlECJ0ljLmnCvKDpUSCUB,stripe_fee,,-0.25,0.02,-0.27,usd,2025-12-04 05:07,2025-12-04 05:07,,
txn_3SaFrxCJ0ljLmnCv1n0L3E1h,charge,ch_3SaFrxCJ0ljLmnCv12yd5wgU,10.00,0.80,9.20,usd,2025-12-03 13:13,2025-12-05 00:00,,
txn_3SaFPQCJ0ljLmnCv0HOxoLPe,charge,ch_3SaFPQCJ0ljLmnCv0CletUE6,20.00,1.27,18.73,usd,2025-12-03 12:43,2025-12-05 00:00,,
txn_1Sa9B8CJ0ljLmnCvcQUonFqU,stripe_fee,,-0.25,0.02,-0.27,usd,2025-12-03 06:04,2025-12-03 06:04,,
txn_1Sa85ECJ0ljLmnCvqhiOqV6i,stripe_fee,,-0.35,0.03,-0.38,usd,2025-12-03 04:54,2025-12-03 04:54,,
txn_3Sa10gCJ0ljLmnCv1ckQvuVb,charge,ch_3Sa10gCJ0ljLmnCv1mXUpOCY,10.00,0.74,9.26,usd,2025-12-02 21:21,2025-12-04 00:00,,
txn_3SZvgYCJ0ljLmnCv0Wc8c1Pa,charge,ch_3SZvgYCJ0ljLmnCv0RNrk7St,35.00,1.32,33.68,usd,2025-12-02 15:40,2025-12-04 00:00,,
txn_3SZvIGCJ0ljLmnCv0UHO7tjb,charge,ch_3SZvIGCJ0ljLmnCv0BRVVBzh,10.00,0.74,9.26,usd,2025-12-02 15:15,2025-12-04 00:00,,
txn_3SZvFACJ0ljLmnCv1aDt0AFl,charge,ch_3SZvFACJ0ljLmnCv12jmNYOb,10.00,0.74,9.26,usd,2025-12-02 15:11,2025-12-04 00:00,,
txn_3SZv9fCJ0ljLmnCv0dYSZFLD,charge,ch_3SZv9fCJ0ljLmnCv07mGy699,50.00,2.50,47.50,usd,2025-12-02 15:06,2025-12-04 00:00,,
txn_3SZnMjCJ0ljLmnCv1TK4aYjK,charge,ch_3SZnMjCJ0ljLmnCv1Wrwl3As,10.00,0.74,9.26,usd,2025-12-02 06:47,2025-12-04 00:00,,
txn_3SZnJJCJ0ljLmnCv0oIRqxYF,charge,ch_3SZnJJCJ0ljLmnCv0lBhewG8,10.00,0.74,9.26,usd,2025-12-02 06:43,2025-12-04 00:00,,
txn_1SZlxJCJ0ljLmnCvOYnTyxlr,stripe_fee,,-0.13,0.01,-0.14,usd,2025-12-02 05:16,2025-12-02 05:16,,
txn_3SZgGjCJ0ljLmnCv1SipuWJW,charge,ch_3SZgGjCJ0ljLmnCv1SgS1HSh,10.00,0.74,9.26,usd,2025-12-01 23:12,2025-12-03 00:00,,
txn_3SZbWlCJ0ljLmnCv0TTqSnEM,charge,ch_3SZbWlCJ0ljLmnCv0f4pP6tH,10.00,0.74,9.26,usd,2025-12-01 18:08,2025-12-03 00:00,,
txn_3SZa3vCJ0ljLmnCv1uWO1KiO,charge,ch_3SZa3vCJ0ljLmnCv1wmlUeQ1,20.00,1.18,18.82,usd,2025-12-01 16:34,2025-12-03 00:00,,
txn_3SZZEDCJ0ljLmnCv1tl7hwZZ,charge,ch_3SZZEDCJ0ljLmnCv1vvaHvgl,100.00,4.70,95.30,usd,2025-12-01 15:41,2025-12-03 00:00,,
txn_1SZOoDCJ0ljLmnCv05pXI4hc,stripe_fee,,-0.03,0.00,-0.03,usd,2025-12-01 04:33,2025-12-01 04:33,,
txn_3SZIJPCJ0ljLmnCv0Z55M2U1,charge,ch_3SZIJPCJ0ljLmnCv05Kl92t0,20.00,1.18,18.82,usd,2025-11-30 21:37,2025-12-03 00:00,,
txn_3SZBUyCJ0ljLmnCv0qIxeUzu,charge,ch_3SZBUyCJ0ljLmnCv01yKQQBy,10.00,0.74,9.26,usd,2025-11-30 14:21,2025-12-03 00:00,,
txn_3SZ0kxCJ0ljLmnCv1mon0RJT,charge,ch_3SZ0kxCJ0ljLmnCv1x3IwR2M,10.00,0.74,9.26,usd,2025-11-30 02:53,2025-12-03 00:00,,
txn_3SYzCdCJ0ljLmnCv14p3YkI4,charge,ch_3SYzCdCJ0ljLmnCv1jia8IiC,10.00,0.74,9.26,usd,2025-11-30 01:13,2025-12-03 00:00,,
txn_3SYx5PCJ0ljLmnCv0BdORH12,charge,ch_3SYx5PCJ0ljLmnCv0czacSq5,10.00,0.74,9.26,usd,2025-11-29 22:57,2025-12-03 00:00,,
txn_1SYhXnCJ0ljLmnCvDUhLR78u,adjustment,du_1SYhX0CJ0ljLmnCvdT2LVW18,-10.00,15.00,-25.00,usd,2025-11-29 06:22,2025-11-29 06:22,,
txn_1SYfxTCJ0ljLmnCvftwP55Pd,stripe_fee,,-0.03,0.00,-0.03,usd,2025-11-29 04:40,2025-11-29 04:40,,
txn_1SYf8YCJ0ljLmnCv3YxyLOqH,adjustment,du_1SYe5nCJ0ljLmnCvHNxKg2Rq,-10.00,15.00,-25.00,usd,2025-11-29 03:47,2025-11-29 03:47,,
txn_1SYZEtCJ0ljLmnCvLSeERVqV,adjustment,du_1SYZDuCJ0ljLmnCvrXVU4w65,-10.00,15.00,-25.00,usd,2025-11-28 21:30,2025-11-28 21:30,,
txn_1SYU2iCJ0ljLmnCvVW8FQRbp,adjustment,du_1SYU1lCJ0ljLmnCvLrwG5h4b,-10.00,15.00,-25.00,usd,2025-11-28 15:57,2025-11-28 15:57,,
txn_1SYRvZCJ0ljLmnCv23TBLhK0,adjustment,du_1SYRuICJ0ljLmnCvaKvgjB81,-10.00,15.00,-25.00,usd,2025-11-28 13:41,2025-11-28 13:41,,
txn_1SYKgOCJ0ljLmnCvt3WTW1dJ,adjustment,du_1SYKfDCJ0ljLmnCviLgB1lLO,-10.00,15.00,-25.00,usd,2025-11-28 05:57,2025-11-28 05:57,,
txn_1SYKOfCJ0ljLmnCvlMMapxGs,adjustment,du_1SYKNkCJ0ljLmnCvwQ6VPsWs,-10.00,15.00,-25.00,usd,2025-11-28 05:39,2025-11-28 05:39,,
txn_1SYJhzCJ0ljLmnCvLg1NzVwq,adjustment,du_1SYJgzCJ0ljLmnCv6YaiY1yf,-10.00,15.00,-25.00,usd,2025-11-28 04:55,2025-11-28 04:55,,
txn_1SYIvmCJ0ljLmnCvlGfVr2oA,adjustment,du_1SYIulCJ0ljLmnCvJQLyt7YO,-10.00,15.00,-25.00,usd,2025-11-28 04:05,2025-11-28 04:05,,
txn_1SYIueCJ0ljLmnCvRuRR6Ffh,stripe_fee,,-0.25,0.02,-0.27,usd,2025-11-28 04:04,2025-11-28 04:04,,
txn_1SYBpzCJ0ljLmnCva8wKVNbE,adjustment,du_1SYBp3CJ0ljLmnCvGinhm4Qz,-10.00,15.00,-25.00,usd,2025-11-27 20:30,2025-11-27 20:30,,
txn_1SY9FWCJ0ljLmnCvxwm7yLnj,adjustment,du_1SY9EWCJ0ljLmnCvVMWYZwX3,-10.00,15.00,-25.00,usd,2025-11-27 17:44,2025-11-27 17:44,,
txn_1SXwhqCJ0ljLmnCvY2XcQn1G,stripe_fee,,-0.13,0.01,-0.14,usd,2025-11-27 04:21,2025-11-27 04:21,,
txn_3SXv1qCJ0ljLmnCv0lJxGpPs,charge,ch_3SXv1qCJ0ljLmnCv0sFAeXrO,10.00,0.74,9.26,usd,2025-11-27 02:33,2025-12-02 00:00,,
txn_3SXq7bCJ0ljLmnCv0HTtJg3L,charge,ch_3SXq7bCJ0ljLmnCv0H3AVqKA,10.00,0.74,9.26,usd,2025-11-26 21:19,2025-12-01 00:00,,
txn_3SXpv2CJ0ljLmnCv0HJiIBTg,charge,ch_3SXpv2CJ0ljLmnCv0yk3lApu,20.00,1.18,18.82,usd,2025-11-26 21:06,2025-12-01 00:00,,
txn_3SXjXcCJ0ljLmnCv0fD5H03e,charge,ch_3SXjXcCJ0ljLmnCv0LAmd1Kh,10.00,0.74,9.26,usd,2025-11-26 14:17,2025-12-01 00:00,,
txn_1SXjJSCJ0ljLmnCvoRj5KgOi,payout,po_1SXjJSCJ0ljLmnCv5UAssQR7,-150.00,0.00,-150.00,usd,2025-11-26 14:03,2025-11-26 14:03,,
txn_3SXcqqCJ0ljLmnCv1JLleWC8,charge,ch_3SXcqqCJ0ljLmnCv1ffp3qzT,30.00,1.62,28.38,usd,2025-11-26 07:10,2025-12-01 00:00,,
txn_3SXcciCJ0ljLmnCv1JofBuVV,charge,ch_3SXcciCJ0ljLmnCv1uS4KRfD,20.00,1.18,18.82,usd,2025-11-26 06:54,2025-12-01 00:00,,
txn_1SXaTACJ0ljLmnCv2u0ojbvc,stripe_fee,,-0.38,0.03,-0.41,usd,2025-11-26 04:36,2025-11-26 04:36,,
txn_3SXXesCJ0ljLmnCv1rsVbGff,charge,ch_3SXXesCJ0ljLmnCv1IlwekLE,10.00,0.74,9.26,usd,2025-11-26 01:36,2025-12-01 00:00,,
txn_1SXDwrCJ0ljLmnCvTO2YvYb8,stripe_fee,,-0.13,0.01,-0.14,usd,2025-11-25 04:33,2025-11-25 04:33,,
txn_3SXADyCJ0ljLmnCv1qTjD8bg,charge,ch_3SXADyCJ0ljLmnCv1DbSgWTe,50.00,2.50,47.50,usd,2025-11-25 00:35,2025-11-28 00:00,,
txn_3SX6x6CJ0ljLmnCv0PN5Xt84,charge,ch_3SX6x6CJ0ljLmnCv0inatOdi,20.00,1.18,18.82,usd,2025-11-24 21:05,2025-11-26 00:00,,
txn_3SX2ewCJ0ljLmnCv05hUIi1I,charge,ch_3SX2ewCJ0ljLmnCv0cT4sbhQ,10.00,0.74,9.26,usd,2025-11-24 16:30,2025-11-26 00:00,,
txn_3SX1dvCJ0ljLmnCv0QGEURAy,charge,ch_3SX1dvCJ0ljLmnCv0Uv5T9k5,100.00,4.70,95.30,usd,2025-11-24 15:25,2025-11-26 00:00,,
txn_3SWuUCCJ0ljLmnCv16lakfPY,charge,ch_3SWuUCCJ0ljLmnCv1kt5cHpL,20.00,1.18,18.82,usd,2025-11-24 07:47,2025-11-26 00:00,,
txn_3SWn9TCJ0ljLmnCv1KcgSFlS,charge,ch_3SWn9TCJ0ljLmnCv1v0y32Gq,50.00,2.50,47.50,usd,2025-11-23 23:57,2025-11-26 00:00,,
txn_1SWiRlCJ0ljLmnCvIgqUtFci,payout,po_1SWiRlCJ0ljLmnCvosByRo23,-350.00,0.00,-350.00,usd,2025-11-23 18:55,2025-11-23 18:55,,
txn_1SWUsOCJ0ljLmnCvjOns8Ysj,stripe_fee,,-0.13,0.01,-0.14,usd,2025-11-23 04:26,2025-11-23 04:26,,
txn_1SW8qWCJ0ljLmnCv9ENfw4jh,stripe_fee,,-0.03,0.00,-0.03,usd,2025-11-22 04:54,2025-11-22 04:54,,
txn_3SW2c9CJ0ljLmnCv0qxDamu8,charge,ch_3SW2c9CJ0ljLmnCv0sp3S3SX,10.00,0.74,9.26,usd,2025-11-21 22:15,2025-11-25 00:00,,
txn_3SVxu8CJ0ljLmnCv0pw5YIme,charge,ch_3SVxu8CJ0ljLmnCv0FWLUeGA,20.00,0.88,19.12,usd,2025-11-21 17:13,2025-11-25 00:00,,
txn_3SVvCfCJ0ljLmnCv09ImINN5,charge,ch_3SVvCfCJ0ljLmnCv02jNgWLq,10.00,0.74,9.26,usd,2025-11-21 14:20,2025-11-25 00:00,,
txn_1SVmFUCJ0ljLmnCvhWdghLCw,stripe_fee,,-0.05,0.00,-0.05,usd,2025-11-21 04:47,2025-11-21 04:47,,
txn_3SVk0nCJ0ljLmnCv1p2Ezo7U,charge,ch_3SVk0nCJ0ljLmnCv1PtANBH0,10.00,0.74,9.26,usd,2025-11-21 02:23,2025-11-25 00:00,,
txn_3SVhbiCJ0ljLmnCv0g9V2zsD,charge,ch_3SVhbiCJ0ljLmnCv09qm1lnd,10.00,0.74,9.26,usd,2025-11-20 23:49,2025-11-24 00:00,,
txn_3SVFcdCJ0ljLmnCv00zeg9VU,charge,ch_3SVFcdCJ0ljLmnCv0hfJJQt0,10.00,0.74,9.26,usd,2025-11-19 17:56,2025-11-21 00:00,,
txn_3SVCAeCJ0ljLmnCv19U3zYhg,charge,ch_3SVCAeCJ0ljLmnCv1goBJGgD,10.00,0.74,9.26,usd,2025-11-19 14:15,2025-11-21 00:00,,
txn_1SV2oBCJ0ljLmnCvQFkzBxvg,stripe_fee,,-0.50,0.04,-0.54,usd,2025-11-19 04:15,2025-11-19 04:15,,
txn_1SUg3pCJ0ljLmnCva3G3qnFD,stripe_fee,,-0.03,0.00,-0.03,usd,2025-11-18 03:58,2025-11-18 03:58,,
txn_3SUZbkCJ0ljLmnCv1IxD6vmT,charge,ch_3SUZbkCJ0ljLmnCv1Fnkx7Pk,10.00,0.74,9.26,usd,2025-11-17 21:05,2025-11-19 00:00,,
txn_3SUX9pCJ0ljLmnCv0ZP3hnOT,charge,ch_3SUX9pCJ0ljLmnCv0L3O2871,50.00,2.50,47.50,usd,2025-11-17 18:28,2025-11-19 00:00,,
txn_3SUWw9CJ0ljLmnCv1gnht2pk,charge,ch_3SUWw9CJ0ljLmnCv1q3lsDRw,10.00,0.74,9.26,usd,2025-11-17 18:14,2025-11-19 00:00,,
txn_3SUUZeCJ0ljLmnCv1Kl69yOU,charge,ch_3SUUZeCJ0ljLmnCv1sps9xK8,100.00,4.70,95.30,usd,2025-11-17 15:42,2025-11-19 00:00,,
txn_3SUSJkCJ0ljLmnCv0UbGiXdj,charge,ch_3SUSJkCJ0ljLmnCv0ZsyY7WA,10.00,0.74,9.26,usd,2025-11-17 13:18,2025-11-19 00:00,,
txn_3SURq2CJ0ljLmnCv1qrFDXVN,charge,ch_3SURq2CJ0ljLmnCv16Wjcort,10.00,0.74,9.26,usd,2025-11-17 12:47,2025-11-19 00:00,,
txn_3SUMKICJ0ljLmnCv11TjaZAq,charge,ch_3SUMKICJ0ljLmnCv1pbXJQYd,10.00,0.74,9.26,usd,2025-11-17 06:54,2025-11-19 00:00,,
txn_1SUJUZCJ0ljLmnCvG70Q5jbG,stripe_fee,,-0.13,0.01,-0.14,usd,2025-11-17 03:52,2025-11-17 03:52,,
txn_3SUDx6CJ0ljLmnCv1hQdhi1u,charge,ch_3SUDx6CJ0ljLmnCv1ryhHYbl,10.00,0.74,9.26,usd,2025-11-16 21:57,2025-11-19 00:00,,
txn_1STxCNCJ0ljLmnCvXMs8dhto,stripe_fee,,-0.05,0.00,-0.05,usd,2025-11-16 04:04,2025-11-16 04:04,,
txn_3STnKrCJ0ljLmnCv1HEElRu5,charge,ch_3STnKrCJ0ljLmnCv1bPjmBDn,50.00,2.50,47.50,usd,2025-11-15 17:32,2025-11-19 00:00,,
txn_3STNVECJ0ljLmnCv1ccdPE1S,charge,ch_3STNVECJ0ljLmnCv15f4mNbt,20.00,1.18,18.82,usd,2025-11-14 13:57,2025-11-18 00:00,,
txn_1SSsLICJ0ljLmnCv7vFbmJ4A,stripe_fee,,-0.03,0.00,-0.03,usd,2025-11-13 04:41,2025-11-13 04:41,,
txn_1SSVdCCJ0ljLmnCvY99CFdo1,stripe_fee,,-0.25,0.02,-0.27,usd,2025-11-12 04:26,2025-11-12 04:26,,
txn_3SSIOfCJ0ljLmnCv1VXLksew,charge,ch_3SSIOfCJ0ljLmnCv114PZtQP,10.00,0.74,9.26,usd,2025-11-11 14:18,2025-11-14 00:00,,
txn_1SS91FCJ0ljLmnCvuPvZuCH1,stripe_fee,,-0.08,0.01,-0.09,usd,2025-11-11 04:17,2025-11-11 04:17,,
txn_3SRwzPCJ0ljLmnCv0kX9gjdi,charge,ch_3SRwzPCJ0ljLmnCv0OWWBf4B,100.00,4.70,95.30,usd,2025-11-10 15:26,2025-11-13 00:00,,
txn_3SRfHNCJ0ljLmnCv0k00LPGD,charge,ch_3SRfHNCJ0ljLmnCv0tkysl3z,10.00,0.74,9.26,usd,2025-11-09 20:32,2025-11-13 00:00,,
txn_3SRUIWCJ0ljLmnCv0GDh6Phb,charge,ch_3SRUIWCJ0ljLmnCv0sOnLHS5,20.00,1.18,18.82,usd,2025-11-09 08:48,2025-11-13 00:00,,
txn_1SQKnKCJ0ljLmnCvCIconWcX,stripe_fee,,-0.03,0.00,-0.03,usd,2025-11-06 04:27,2025-11-06 04:27,,
txn_1SPy2VCJ0ljLmnCvmJ4Brlz0,stripe_fee,,-0.13,0.01,-0.14,usd,2025-11-05 04:09,2025-11-05 04:09,,
txn_3SPo25CJ0ljLmnCv0MXKDyA0,charge,ch_3SPo25CJ0ljLmnCv0AVKtFoB,10.00,0.74,9.26,usd,2025-11-04 17:28,2025-11-06 00:00,,
txn_1SPiWJCJ0ljLmnCvYMEjUJw3,payout,po_1SPiWJCJ0ljLmnCvj7Zh7nHM,-500.00,0.00,-500.00,usd,2025-11-04 11:35,2025-11-04 11:35,,
txn_1SPbykCJ0ljLmnCvFXbEBwx2,stripe_fee,,-0.09,0.01,-0.10,usd,2025-11-04 04:36,2025-11-04 04:36,,
txn_3SPOlKCJ0ljLmnCv1HfeiRKx,charge,ch_3SPOlKCJ0ljLmnCv1jxGcFIL,50.00,2.50,47.50,usd,2025-11-03 14:29,2025-11-05 00:00,,
txn_1SPH5RCJ0ljLmnCvv5hGHyDG,stripe_fee,,-0.25,0.02,-0.27,usd,2025-11-03 06:17,2025-11-03 06:17,,
txn_1SPFCWCJ0ljLmnCvlkqPC9ng,stripe_fee,,-0.25,0.02,-0.27,usd,2025-11-03 04:17,2025-11-03 04:17,,
txn_3SP3OYCJ0ljLmnCv1ixMvrFw,charge,ch_3SP3OYCJ0ljLmnCv1GgKJNtv,35.00,1.32,33.68,usd,2025-11-02 15:40,2025-11-05 00:00,,
txn_3SOg9hCJ0ljLmnCv0br5SrJQ,charge,ch_3SOg9hCJ0ljLmnCv0bfLe7p2,100.00,4.70,95.30,usd,2025-11-01 14:51,2025-11-05 00:00,,
